date,customer_id,category,region,channel,qty,amount
2025-01-01,C0257,Электроника,Новосибирск,Онлайн,2,46233.27
2025-01-01,C0255,Электроника,Санкт-Петербург,Онлайн,1,19235.78
2025-01-01,C0169,Книги,Санкт-Петербург,Онлайн,2,1164.17
2025-01-01,C0137,Продукты,Москва,Магазин,4,3210.28
2025-01-01,C0103,Электроника,Москва,Онлайн,1,
2025-01-01,C0137,Электроника,Санкт-Петербург,Онлайн,4,136970.77
2025-01-01,C0278,Спорт,Екатеринбург,Онлайн,4,24997.34
2025-01-02,C0170,Продукты,Екатеринбург,Магазин,3,2292.54
2025-01-02,C0232,Электроника,Москва,Магазин,5,142278.03
2025-01-02,C0040,Электроника,Санкт-Петербург,Онлайн,5,147687.3
2025-01-02,C0299,Книги,Москва,Онлайн,3,2287.26
2025-01-02,C0299,Книги,Санкт-Петербург,Онлайн,4,2735.64
2025-01-02,C0171,Продукты,Москва,Магазин,3,
2025-01-02,C0132,Одежда,Екатеринбург,Онлайн,1,3655.14
2025-01-03,C0068,Электроника,Екатеринбург,Магазин,3,73266.8
2025-01-03,C0169,Спорт,Москва,Онлайн,5,24064.29
2025-01-03,C0068,Электроника,Москва,Онлайн,5,132754.09
2025-01-03,C0040,Спорт,Казань,Онлайн,3,12839.58
2025-01-03,C0186,Одежда,Казань,Магазин,2,6575.04
2025-01-03,C0156,Спорт,Санкт-Петербург,Магазин,3,15845.45
2025-01-03,C0086,Одежда,Москва,Магазин,3,10148.65
2025-01-03,C0000,Электроника,Казань,Онлайн,4,127807.44
2025-01-03,C0181,Электроника,Санкт-Петербург,Магазин,4,100063.39
2025-01-03,C0220,Спорт,Москва,Онлайн,3,14128.18
2025-01-04,C0257,Продукты,Санкт-Петербург,Онлайн,5,4018.13
2025-01-04,C0103,Спорт,Москва,Магазин,3,16561.91
2025-01-04,C0068,Электроника,Санкт-Петербург,Онлайн,2,51087.21
2025-01-04,C0232,Книги,Москва,Магазин,1,558.75
2025-01-04,C0169,Продукты,Москва,Онлайн,5,3395.97
2025-01-04,C0000,Электроника,Казань,Магазин,5,113601.15
2025-01-04,C0181,Спорт,Екатеринбург,Онлайн,3,14228.62
2025-01-04,C0044,Продукты,Санкт-Петербург,Магазин,1,1042.83
2025-01-04,C0245,Спорт,Москва,Онлайн,2,10513.47
2025-01-05,C0177,Одежда,Москва,Онлайн,3,10633.7
2025-01-05,C0032,Книги,Москва,Онлайн,5,2830.08
2025-01-05,C0242,Одежда,Новосибирск,Онлайн,3,13420.98
2025-01-05,C0017,Электроника,Казань,Онлайн,5,149329.19
2025-01-05,C0242,Продукты,Москва,Магазин,2,1980.96
2025-01-05,C0245,Одежда,Москва,Онлайн,3,11216.11
2025-01-05,C0169,Электроника,Екатеринбург,Магазин,4,114233.3
2025-01-05,C0017,Одежда,Казань,Магазин,2,6165.79
2025-01-05,C0068,Одежда,Москва,Онлайн,2,6913.14
2025-01-05,C0146,Спорт,Москва,Онлайн,4,19866.58
2025-01-05,C0181,Электроника,Москва,Магазин,3,75277.73
2025-01-06,C0057,Книги,Казань,Онлайн,2,1000.14
2025-01-06,C0271,Электроника,Санкт-Петербург,Онлайн,2,53783.84
2025-01-06,C0299,Продукты,Москва,Магазин,5,4970.4
2025-01-06,C0068,Спорт,Санкт-Петербург,Магазин,3,13259.1
2025-01-06,C0044,Продукты,Новосибирск,Онлайн,1,803.73
2025-01-06,C0103,Одежда,Москва,Онлайн,5,17848.69
2025-01-06,C0271,Спорт,Екатеринбург,Онлайн,4,26567.99
2025-01-06,C0126,Электроника,Екатеринбург,Онлайн,3,69565.53
2025-01-06,C0006,Продукты,Москва,Онлайн,4,4111.94
2025-01-06,C0171,Спорт,Екатеринбург,Магазин,2,12798.43
2025-01-06,C0240,Электроника,Москва,Онлайн,2,48273.43
2025-01-06,C0156,Продукты,Москва,Онлайн,2,1483.92
2025-01-07,C0245,Одежда,Москва,Магазин,1,3139.83
2025-01-07,C0170,Электроника,Новосибирск,Магазин,1,18076.3
2025-01-07,C0232,Книги,Екатеринбург,Магазин,1,630.46
2025-01-07,C0255,Одежда,Казань,Онлайн,3,9232.23
2025-01-07,C0057,Книги,Новосибирск,Онлайн,4,2407.91
2025-01-07,C0073,Продукты,Москва,Онлайн,3,2339.86
2025-01-07,C0278,Спорт,Москва,Магазин,4,22073.06
2025-01-07,C0132,Электроника,Москва,Магазин,1,27915.71
2025-01-07,C0073,Книги,Москва,Онлайн,1,631.89
2025-01-08,C0146,Продукты,Москва,Онлайн,2,1778.92
2025-01-08,C0149,Спорт,Санкт-Петербург,Магазин,5,28041.98
2025-01-08,C0242,Одежда,Екатеринбург,Онлайн,4,12139.48
2025-01-08,C0009,Спорт,Новосибирск,Магазин,1,5139.92
2025-01-08,C0116,Книги,Санкт-Петербург,Магазин,1,637.06
2025-01-08,C0040,Спорт,Казань,Онлайн,4,15666.13
2025-01-08,C0220,Продукты,Москва,Магазин,4,3525.51
2025-01-08,C0220,Электроника,Москва,Магазин,1,26812.3
2025-01-08,C0171,Книги,Санкт-Петербург,Онлайн,3,2768.05
2025-01-08,C0279,Спорт,Москва,Магазин,3,13646.5
2025-01-08,C0009,Книги,Санкт-Петербург,Магазин,3,1808.09
2025-01-08,C0257,Спорт,Москва,Магазин,4,17675.06
2025-01-08,C0156,Электроника,Санкт-Петербург,Онлайн,4,94338.68
2025-01-09,C0271,Электроника,Москва,Онлайн,1,19801.59
2025-01-09,C0279,Одежда,Москва,Онлайн,3,11124.47
2025-01-09,C0044,Спорт,Москва,Онлайн,3,20898.59
2025-01-09,C0103,Книги,Санкт-Петербург,Онлайн,4,2572.09
2025-01-09,C0137,Продукты,Москва,Онлайн,3,2699.84
2025-01-09,C0240,Книги,Санкт-Петербург,Магазин,2,1031.34
2025-01-09,C0220,Книги,Москва,Онлайн,5,3344.95
2025-01-09,C0195,Спорт,Москва,Магазин,3,12565.01
2025-01-09,C0044,Электроника,Санкт-Петербург,Онлайн,5,121769.86
2025-01-09,C0257,Спорт,Москва,Магазин,4,23674.7
2025-01-09,C0197,Спорт,Москва,Онлайн,5,32814.45
2025-01-10,C0103,Одежда,Екатеринбург,Магазин,4,17597.59
2025-01-10,C0073,Продукты,Санкт-Петербург,Онлайн,4,3100.11
2025-01-10,C0257,Электроника,Новосибирск,Онлайн,4,111525.7
2025-01-10,C0257,Электроника,Москва,Онлайн,2,54000.06
2025-01-10,C0177,Книги,Казань,Онлайн,3,2013.65
2025-01-10,C0169,Электроника,Санкт-Петербург,Онлайн,2,51931.57
2025-01-11,C0186,Книги,Новосибирск,Магазин,5,3231.7
2025-01-11,C0068,Продукты,Санкт-Петербург,Магазин,3,3271.6
2025-01-11,C0099,Книги,Санкт-Петербург,Онлайн,1,647.11
2025-01-11,C0242,Одежда,Москва,Онлайн,3,11686.53
2025-01-11,C0146,Электроника,Москва,Онлайн,2,45628.36
2025-01-11,C0017,Книги,Москва,Онлайн,2,1080.52
2025-01-11,C0146,Спорт,Москва,Онлайн,1,5810.89
2025-01-12,C0171,Спорт,Екатеринбург,Онлайн,1,4195.47
2025-01-12,C0169,Одежда,Санкт-Петербург,Онлайн,4,14887.56
2025-01-12,C0000,Продукты,Казань,Магазин,3,1956.17
2025-01-12,C0170,Одежда,Санкт-Петербург,Магазин,1,3537.76
2025-01-12,C0195,Одежда,Санкт-Петербург,Онлайн,1,2908.18
2025-01-12,C0040,Электроника,Казань,Онлайн,1,33828.22
2025-01-13,C0086,Одежда,Москва,Магазин,3,9799.67
2025-01-13,C0073,Электроника,Москва,Магазин,4,110246.1
2025-01-13,C0017,Продукты,Москва,Магазин,4,3888.01
2025-01-13,C0117,Книги,Москва,Онлайн,3,1676.41
2025-01-13,C0103,Одежда,Санкт-Петербург,Онлайн,4,13115.83
2025-01-13,C0169,Электроника,Санкт-Петербург,Онлайн,2,39497.42
2025-01-13,C0032,Электроника,Санкт-Петербург,Онлайн,3,99265.99
2025-01-13,C0232,Электроника,Москва,Магазин,4,107440.38
2025-01-13,C0216,Книги,Москва,Магазин,1,781.85
2025-01-13,C0197,Продукты,Новосибирск,Онлайн,2,1392.86
2025-01-13,C0242,Книги,Новосибирск,Онлайн,5,3388.42
2025-01-13,C0171,Одежда,Екатеринбург,Магазин,1,4081.45
2025-01-13,C0006,Спорт,Санкт-Петербург,Магазин,5,34961.52
2025-01-13,C0137,Электроника,Москва,Онлайн,2,53269.34
2025-01-13,C0057,Книги,Новосибирск,Онлайн,4,2193.57
2025-01-14,C0232,Спорт,Москва,Магазин,1,5119.05
2025-01-14,C0017,Книги,Санкт-Петербург,Магазин,2,1433.08
2025-01-14,C0073,Спорт,Москва,Онлайн,4,20591.17
2025-01-14,C0242,Одежда,Санкт-Петербург,Онлайн,4,16310.33
2025-01-14,C0044,Одежда,Москва,Онлайн,3,11329.8
2025-01-14,C0242,Продукты,Санкт-Петербург,Онлайн,3,2694.63
2025-01-14,C0257,Книги,Москва,Онлайн,5,3421.02
2025-01-14,C0242,Электроника,Екатеринбург,Магазин,2,55616.65
2025-01-14,C0117,Электроника,Москва,Онлайн,4,114083.58
2025-01-14,C0249,Электроника,Москва,Онлайн,4,122812.11
2025-01-14,C0082,Книги,Санкт-Петербург,Онлайн,2,1077.07
2025-01-14,C0009,Продукты,Москва,Магазин,2,2039.51
2025-01-15,C0216,Продукты,Москва,Магазин,3,2877.55
2025-01-15,C0040,Электроника,Казань,Онлайн,1,26481.14
2025-01-15,C0137,Продукты,Москва,Онлайн,2,1587.08
2025-01-15,C0271,Продукты,Москва,Онлайн,5,4041.55
2025-01-16,C0217,Продукты,Казань,Онлайн,5,4107.44
2025-01-16,C0044,Электроника,Москва,Магазин,5,140727.61
2025-01-16,C0040,Электроника,Москва,Магазин,5,131497.38
2025-01-16,C0156,Одежда,Москва,Магазин,3,11968.15
2025-01-16,C0000,Спорт,Новосибирск,Магазин,3,12938.81
2025-01-16,C0009,Продукты,Санкт-Петербург,Онлайн,4,3752.61
2025-01-16,C0220,Одежда,Казань,Магазин,3,11723.51
2025-01-16,C0057,Продукты,Новосибирск,Магазин,2,1708.78
2025-01-16,C0009,Одежда,Казань,Онлайн,2,5159.37
2025-01-17,C0299,Продукты,Екатеринбург,Магазин,3,2736.27
2025-01-17,C0220,Электроника,Москва,Онлайн,2,50615.1
2025-01-17,C0279,Продукты,Санкт-Петербург,Магазин,5,4859.56
2025-01-17,C0044,Одежда,Москва,Магазин,4,11822.01
2025-01-17,C0057,Спорт,Санкт-Петербург,Онлайн,4,23537.81
2025-01-17,C0055,Спорт,Санкт-Петербург,Онлайн,1,5507.31
2025-01-17,C0000,Книги,Санкт-Петербург,Магазин,4,2588.74
2025-01-17,C0240,Продукты,Казань,Онлайн,5,3714.43
2025-01-17,C0017,Книги,Санкт-Петербург,Онлайн,2,1098.58
2025-01-18,C0255,Книги,Москва,Онлайн,4,2795.05
2025-01-18,C0240,Книги,Санкт-Петербург,Магазин,4,2702.27
2025-01-18,C0278,Продукты,Казань,Магазин,4,3686.42
2025-01-18,C0279,Книги,Москва,Онлайн,4,1972.08
2025-01-18,C0156,Книги,Новосибирск,Онлайн,1,584.4
2025-01-18,C0271,Одежда,Екатеринбург,Магазин,5,17896.74
2025-01-19,C0170,Спорт,Москва,Онлайн,1,4396.09
2025-01-19,C0017,Продукты,Санкт-Петербург,Магазин,5,4648.86
2025-01-19,C0171,Одежда,Санкт-Петербург,Магазин,2,8339.29
2025-01-19,C0146,Спорт,Москва,Онлайн,1,6213.76
2025-01-19,C0146,Книги,Москва,Магазин,2,1263.54
2025-01-19,C0169,Книги,Казань,Магазин,3,2058.21
2025-01-19,C0149,Продукты,Москва,Магазин,5,4344.08
2025-01-19,C0197,Продукты,Екатеринбург,Онлайн,1,726.16
2025-01-19,C0177,Электроника,Санкт-Петербург,Магазин,2,54912.99
2025-01-19,C0257,Спорт,Москва,Онлайн,1,6079.85
2025-01-20,C0242,Спорт,Екатеринбург,Магазин,2,9388.6
2025-01-20,C0103,Электроника,Екатеринбург,Онлайн,4,106999.57
2025-01-20,C0177,Книги,Санкт-Петербург,Онлайн,3,2289.65
2025-01-20,C0195,Спорт,Санкт-Петербург,Онлайн,5,34582.34
2025-01-20,C0169,Электроника,Москва,Магазин,4,96033.62
2025-01-20,C0082,Книги,Новосибирск,Онлайн,3,1592.02
2025-01-20,C0073,Электроника,Казань,Онлайн,2,43972.47
2025-01-20,C0116,Электроника,Москва,Онлайн,3,113262.57
2025-01-21,C0249,Спорт,Москва,Онлайн,1,5274.45
2025-01-21,C0171,Одежда,Москва,Онлайн,2,10376.38
2025-01-21,C0086,Продукты,Москва,Онлайн,5,3582.17
2025-01-21,C0299,Книги,Москва,Магазин,3,1843.79
2025-01-21,C0137,Спорт,Новосибирск,Онлайн,2,13111.74
2025-01-21,C0169,Электроника,Санкт-Петербург,Магазин,2,51390.7
2025-01-21,C0257,Одежда,Москва,Онлайн,1,3240.0
2025-01-21,C0257,Электроника,Санкт-Петербург,Онлайн,3,98087.08
2025-01-21,C0044,Книги,Санкт-Петербург,Онлайн,5,3669.91
2025-01-21,C0170,Продукты,Москва,Онлайн,2,1983.53
2025-01-22,C0086,Спорт,Санкт-Петербург,Онлайн,2,11975.12
2025-01-22,C0035,Одежда,Казань,Онлайн,5,14259.08
2025-01-22,C0099,Одежда,Москва,Онлайн,3,14715.44
2025-01-22,C0195,Одежда,Москва,Онлайн,4,10598.0
2025-01-22,C0082,Продукты,Москва,Магазин,2,1545.58
2025-01-22,C0170,Одежда,Санкт-Петербург,Магазин,2,8342.4
2025-01-23,C0177,Спорт,Москва,Онлайн,4,23642.75
2025-01-23,C0197,Электроника,Новосибирск,Онлайн,4,90904.71
2025-01-23,C0170,Одежда,Казань,Магазин,3,13869.26
2025-01-23,C0278,Книги,Новосибирск,Онлайн,1,648.96
2025-01-23,C0017,Электроника,Санкт-Петербург,Онлайн,3,64338.72
2025-01-23,C0242,Одежда,Казань,Магазин,5,21022.81
2025-01-23,C0099,Электроника,Москва,Магазин,1,30985.72
2025-01-23,C0217,Спорт,Екатеринбург,Онлайн,4,22810.1
2025-01-23,C0255,Книги,Москва,Магазин,2,1380.74
2025-01-23,C0171,Книги,Москва,Магазин,2,1341.79
2025-01-24,C0035,Электроника,Москва,Онлайн,4,117642.45
2025-01-24,C0017,Одежда,Москва,Онлайн,4,15752.18
2025-01-24,C0156,Продукты,Новосибирск,Магазин,5,5750.98
2025-01-24,C0073,Спорт,Москва,Онлайн,2,10525.81
2025-01-24,C0149,Продукты,Екатеринбург,Онлайн,5,4523.2
2025-01-24,C0057,Электроника,Екатеринбург,Онлайн,2,62636.46
2025-01-24,C0146,Спорт,Санкт-Петербург,Онлайн,3,16542.53
2025-01-24,C0177,Продукты,Москва,Онлайн,5,3939.89
2025-01-24,C0032,Электроника,Новосибирск,Онлайн,2,54447.54
2025-01-24,C0177,Книги,Москва,Онлайн,1,826.18
2025-01-24,C0068,Спорт,Москва,Онлайн,2,8718.53
2025-01-24,C0017,Спорт,Москва,Онлайн,5,27556.87
2025-01-24,C0299,Одежда,Москва,Онлайн,2,7738.69
2025-01-25,C0073,Продукты,Новосибирск,Онлайн,5,3458.54
2025-01-25,C0240,Продукты,Москва,Онлайн,3,2241.86
2025-01-25,C0032,Спорт,Москва,Онлайн,3,14278.94
2025-01-25,C0149,Книги,Москва,Онлайн,5,3568.92
2025-01-25,C0057,Одежда,Екатеринбург,Онлайн,4,13906.5
2025-01-25,C0032,Продукты,Москва,Онлайн,3,3231.18
2025-01-25,C0278,Одежда,Санкт-Петербург,Онлайн,3,10854.28
2025-01-25,C0040,Электроника,Новосибирск,Онлайн,5,106316.02
2025-01-26,C0000,Продукты,Москва,Магазин,3,2119.86
2025-01-26,C0242,Продукты,Москва,Магазин,2,1851.68
2025-01-26,C0169,Книги,Санкт-Петербург,Онлайн,3,2598.19
2025-01-26,C0156,Продукты,Москва,Онлайн,1,773.35
2025-01-26,C0156,Книги,Санкт-Петербург,Магазин,5,3730.05
2025-01-26,C0126,Продукты,Москва,Онлайн,1,764.15
2025-01-26,C0137,Одежда,Москва,Магазин,3,13376.67
2025-01-26,C0216,Спорт,Москва,Магазин,4,22284.71
2025-01-26,C0170,Спорт,Москва,Онлайн,5,26382.77
2025-01-27,C0170,Электроника,Москва,Онлайн,5,160228.87
2025-01-27,C0217,Продукты,Москва,Онлайн,5,4909.59
2025-01-27,C0082,Одежда,Казань,Онлайн,1,4030.98
2025-01-27,C0116,Книги,Санкт-Петербург,Магазин,2,1637.24
2025-01-27,C0006,Продукты,Москва,Магазин,2,2330.34
2025-01-27,C0271,Спорт,Екатеринбург,Онлайн,2,13029.83
2025-01-27,C0181,Одежда,Москва,Магазин,3,8533.12
2025-01-28,C0257,Одежда,Санкт-Петербург,Магазин,3,8456.78
2025-01-28,C0009,Продукты,Москва,Онлайн,2,2040.26
2025-01-28,C0170,Продукты,Москва,Онлайн,4,3994.89
2025-01-28,C0146,Книги,Москва,Онлайн,2,1416.78
2025-01-28,C0040,Продукты,Санкт-Петербург,Онлайн,5,4844.41
2025-01-28,C0217,Спорт,Санкт-Петербург,Онлайн,2,11299.58
2025-01-28,C0197,Электроника,Москва,Онлайн,4,122839.8
2025-01-28,C0099,Продукты,Москва,Онлайн,3,2822.13
2025-01-28,C0232,Книги,Новосибирск,Онлайн,2,1873.14
2025-01-28,C0082,Спорт,Новосибирск,Онлайн,5,
2025-01-28,C0137,Электроника,Москва,Магазин,2,55027.05
2025-01-28,C0000,Одежда,Казань,Магазин,4,21090.31
2025-01-29,C0055,Продукты,Санкт-Петербург,Магазин,2,2143.4
2025-01-29,C0271,Продукты,Москва,Онлайн,3,2935.05
2025-01-29,C0006,Спорт,Новосибирск,Онлайн,2,6164.63
2025-01-29,C0017,Электроника,Санкт-Петербург,Онлайн,1,29897.1
2025-01-29,C0068,Электроника,Екатеринбург,Онлайн,1,24538.27
2025-01-29,C0255,Электроника,Москва,Онлайн,1,22887.17
2025-01-29,C0017,Электроника,Санкт-Петербург,Онлайн,5,124772.57
2025-01-29,C0040,Одежда,Казань,Онлайн,4,14267.56
2025-01-30,C0271,Одежда,Екатеринбург,Магазин,1,4244.54
2025-01-30,C0082,Продукты,Екатеринбург,Онлайн,2,2197.5
2025-01-30,C0181,Книги,Москва,Онлайн,4,2101.56
2025-01-30,C0279,Одежда,Санкт-Петербург,Онлайн,5,23189.3
2025-01-30,C0099,Книги,Москва,Онлайн,3,1786.55
2025-01-30,C0137,Книги,Казань,Онлайн,1,785.95
2025-01-30,C0146,Книги,Москва,Онлайн,1,877.45
2025-01-30,C0299,Электроника,Москва,Онлайн,1,32149.52
2025-01-30,C0132,Книги,Санкт-Петербург,Онлайн,2,1364.54
2025-01-31,C0055,Спорт,Санкт-Петербург,Онлайн,1,5690.87
2025-01-31,C0171,Одежда,Казань,Онлайн,2,8545.33
2025-01-31,C0006,Спорт,Екатеринбург,Магазин,2,12543.71
2025-01-31,C0156,Электроника,Москва,Магазин,5,161746.95
2025-01-31,C0137,Книги,Новосибирск,Магазин,4,2694.93
2025-01-31,C0242,Одежда,Екатеринбург,Онлайн,2,9646.84
2025-01-31,C0271,Электроника,Казань,Онлайн,2,70999.76
2025-01-31,C0073,Книги,Москва,Онлайн,2,1045.02
2025-01-31,C0082,Книги,Екатеринбург,Онлайн,5,3230.19
2025-01-31,C0257,Спорт,Москва,Магазин,3,20113.54
2025-02-01,C0142,Книги,Москва,Магазин,5,3330.01
2025-02-01,C0137,Одежда,Казань,Онлайн,1,4126.02
2025-02-01,C0147,Одежда,Москва,Онлайн,1,4481.03
2025-02-01,C0262,Электроника,Екатеринбург,Онлайн,2,69489.01
2025-02-01,C0071,Одежда,Санкт-Петербург,Онлайн,4,15401.65
2025-02-01,C0171,Электроника,Москва,Онлайн,4,67477.63
2025-02-01,C0086,Электроника,Казань,Онлайн,1,28377.89
2025-02-01,C0137,Одежда,Москва,Магазин,5,18685.63
2025-02-02,C0065,Одежда,Казань,Онлайн,1,4179.52
2025-02-02,C0255,Спорт,Москва,Онлайн,5,20926.23
2025-02-02,C0253,Продукты,Санкт-Петербург,Магазин,1,886.95
2025-02-02,C0240,Книги,Санкт-Петербург,Онлайн,5,3179.24
2025-02-02,C0280,Одежда,Казань,Онлайн,2,6324.73
2025-02-02,C0242,Электроника,Москва,Магазин,1,25364.38
2025-02-03,C0217,Одежда,Екатеринбург,Магазин,4,17616.25
2025-02-03,C0257,Продукты,Москва,Магазин,2,2076.08
2025-02-03,C0017,Продукты,Казань,Магазин,4,3186.67
2025-02-03,C0118,Одежда,Новосибирск,Онлайн,5,18000.42
2025-02-03,C0051,Продукты,Санкт-Петербург,Онлайн,1,987.86
2025-02-03,C0280,Одежда,Москва,Магазин,3,10322.6
2025-02-03,C0099,Одежда,Санкт-Петербург,Магазин,3,11675.54
2025-02-03,C0073,Одежда,Москва,Магазин,1,4427.93
2025-02-03,C0250,Электроника,Москва,Магазин,3,89667.51
2025-02-04,C0101,Книги,Санкт-Петербург,Онлайн,2,1475.66
2025-02-04,C0146,Электроника,Новосибирск,Онлайн,2,55126.07
2025-02-04,C0258,Электроника,Санкт-Петербург,Онлайн,2,52056.22
2025-02-04,C0044,Продукты,Казань,Онлайн,5,5667.5
2025-02-04,C0009,Спорт,Санкт-Петербург,Онлайн,4,26518.37
2025-02-04,C0032,Продукты,Санкт-Петербург,Магазин,4,3714.08
2025-02-04,C0065,Электроника,Казань,Магазин,1,25577.74
2025-02-05,C0280,Книги,Екатеринбург,Магазин,3,1882.63
2025-02-05,C0031,Электроника,Новосибирск,Онлайн,1,23358.35
2025-02-05,C0101,Одежда,Москва,Онлайн,1,4934.81
2025-02-05,C0156,Книги,Санкт-Петербург,Онлайн,3,1972.33
2025-02-05,C0220,Электроника,Санкт-Петербург,Магазин,2,65551.06
2025-02-05,C0006,Электроника,Санкт-Петербург,Магазин,3,83971.58
2025-02-05,C0101,Спорт,Москва,Магазин,1,6075.89
2025-02-06,C0229,Спорт,Екатеринбург,Онлайн,1,5095.87
2025-02-06,C0000,Продукты,Екатеринбург,Онлайн,5,6130.25
2025-02-06,C0076,Спорт,Санкт-Петербург,Магазин,1,4806.84
2025-02-06,C0299,Одежда,Санкт-Петербург,Онлайн,5,18675.53
2025-02-06,C0261,Книги,Москва,Онлайн,4,3349.74
2025-02-06,C0135,Спорт,Екатеринбург,Онлайн,3,20237.91
2025-02-06,C0169,Спорт,Санкт-Петербург,Онлайн,5,30071.27
2025-02-06,C0006,Спорт,Екатеринбург,Онлайн,3,17481.45
2025-02-06,C0208,Одежда,Санкт-Петербург,Магазин,2,10180.64
2025-02-06,C0035,Спорт,Москва,Магазин,2,9394.71
2025-02-06,C0167,Одежда,Москва,Магазин,4,14382.41
2025-02-06,C0242,Электроника,Новосибирск,Онлайн,1,30419.22
2025-02-06,C0216,Электроника,Санкт-Петербург,Магазин,2,56074.82
2025-02-06,C0210,Книги,Екатеринбург,Онлайн,1,778.4
2025-02-06,C0220,Одежда,Москва,Онлайн,3,13454.97
2025-02-06,C0299,Спорт,Новосибирск,Онлайн,2,11310.04
2025-02-07,C0087,Продукты,Москва,Магазин,5,3158.37
2025-02-07,C0156,Книги,Казань,Онлайн,1,824.38
2025-02-07,C0038,Электроника,Екатеринбург,Онлайн,4,112930.82
2025-02-07,C0032,Продукты,Санкт-Петербург,Онлайн,3,2753.8
2025-02-07,C0258,Электроника,Санкт-Петербург,Магазин,4,113001.23
2025-02-07,C0135,Электроника,Санкт-Петербург,Онлайн,5,151778.19
2025-02-07,C0151,Электроника,Санкт-Петербург,Онлайн,3,93080.86
2025-02-08,C0142,Одежда,Москва,Магазин,4,15975.09
2025-02-08,C0286,Продукты,Казань,Магазин,5,4059.16
2025-02-08,C0151,Продукты,Санкт-Петербург,Онлайн,4,3937.67
2025-02-08,C0255,Спорт,Москва,Магазин,3,17810.71
2025-02-08,C0147,Одежда,Екатеринбург,Онлайн,5,12374.3
2025-02-08,C0223,Книги,Санкт-Петербург,Магазин,1,836.97
2025-02-08,C0009,Одежда,Санкт-Петербург,Магазин,4,14984.91
2025-02-08,C0055,Книги,Новосибирск,Онлайн,2,989.94
2025-02-09,C0279,Спорт,Москва,Онлайн,5,28854.6
2025-02-09,C0279,Продукты,Москва,Магазин,4,3790.99
2025-02-09,C0215,Книги,Казань,Онлайн,3,2735.04
2025-02-09,C0220,Одежда,Екатеринбург,Онлайн,4,18227.24
2025-02-09,C0220,Одежда,Новосибирск,Магазин,2,7850.99
2025-02-09,C0071,Спорт,Екатеринбург,Онлайн,4,18499.51
2025-02-09,C0065,Электроника,Санкт-Петербург,Онлайн,1,26495.21
2025-02-09,C0229,Спорт,Новосибирск,Магазин,1,3786.88
2025-02-10,C0171,Продукты,Санкт-Петербург,Магазин,4,4177.72
2025-02-10,C0132,Одежда,Москва,Магазин,1,4658.87
2025-02-10,C0225,Книги,Екатеринбург,Онлайн,2,1448.99
2025-02-10,C0217,Книги,Новосибирск,Магазин,3,2238.27
2025-02-10,C0229,Книги,Казань,Магазин,2,1465.78
2025-02-10,C0086,Книги,Москва,Онлайн,1,622.51
2025-02-10,C0232,Одежда,Москва,Онлайн,5,20020.97
2025-02-10,C0142,Электроника,Москва,Онлайн,1,33006.57
2025-02-10,C0146,Электроника,Санкт-Петербург,Магазин,5,122942.84
2025-02-10,C0051,Одежда,Москва,Магазин,2,7233.94
2025-02-10,C0101,Спорт,Новосибирск,Онлайн,1,6402.76
2025-02-10,C0271,Электроника,Москва,Магазин,2,57892.88
2025-02-10,C0068,Спорт,Москва,Магазин,1,6506.38
2025-02-10,C0291,Книги,Екатеринбург,Онлайн,4,2465.31
2025-02-10,C0252,Книги,Санкт-Петербург,Онлайн,4,2966.89
2025-02-10,C0156,Книги,Москва,Онлайн,4,3442.14
2025-02-11,C0257,Продукты,Санкт-Петербург,Магазин,2,1912.68
2025-02-11,C0146,Продукты,Москва,Магазин,4,3925.62
2025-02-11,C0071,Одежда,Санкт-Петербург,Онлайн,1,4204.87
2025-02-11,C0252,Одежда,Новосибирск,Магазин,1,4764.78
2025-02-12,C0022,Спорт,Москва,Онлайн,5,29540.82
2025-02-12,C0103,Одежда,Екатеринбург,Онлайн,5,22268.68
2025-02-12,C0031,Продукты,Санкт-Петербург,Магазин,2,2440.51
2025-02-12,C0095,Продукты,Москва,Магазин,1,925.81
2025-02-12,C0051,Одежда,Санкт-Петербург,Онлайн,4,18963.52
2025-02-12,C0255,Электроника,Санкт-Петербург,Магазин,3,77591.51
2025-02-13,C0096,Электроника,Москва,Онлайн,2,68407.32
2025-02-13,C0298,Спорт,Казань,Магазин,5,25099.3
2025-02-13,C0008,Одежда,Москва,Онлайн,2,8510.88
2025-02-13,C0147,Одежда,Москва,Магазин,4,20739.85
2025-02-13,C0153,Спорт,Санкт-Петербург,Онлайн,5,26462.97
2025-02-13,C0068,Продукты,Екатеринбург,Онлайн,4,3809.23
2025-02-13,C0038,Одежда,Новосибирск,Магазин,5,24232.71
2025-02-13,C0110,Одежда,Москва,Магазин,5,19145.2
2025-02-13,C0032,Спорт,Москва,Онлайн,3,15267.8
2025-02-13,C0197,Книги,Екатеринбург,Магазин,2,1647.36
2025-02-13,C0118,Спорт,Москва,Магазин,4,23708.18
2025-02-13,C0217,Одежда,Санкт-Петербург,Онлайн,2,8201.67
2025-02-13,C0126,Продукты,Москва,Онлайн,3,2927.56
2025-02-14,C0170,Книги,Санкт-Петербург,Магазин,3,2250.58
2025-02-14,C0293,Продукты,Санкт-Петербург,Онлайн,5,4587.08
2025-02-14,C0095,Спорт,Казань,Магазин,2,10287.21
2025-02-14,C0117,Электроника,Санкт-Петербург,Онлайн,3,122464.62
2025-02-14,C0077,Электроника,Санкт-Петербург,Онлайн,2,64215.47
2025-02-14,C0077,Одежда,Москва,Онлайн,1,4595.4
2025-02-14,C0255,Спорт,Москва,Онлайн,4,19499.14
2025-02-15,C0073,Электроника,Екатеринбург,Онлайн,1,27139.46
2025-02-15,C0215,Электроника,Казань,Онлайн,2,54560.21
2025-02-15,C0032,Одежда,Москва,Онлайн,4,14297.23
2025-02-15,C0210,Электроника,Казань,Онлайн,2,71375.03
2025-02-15,C0101,Спорт,Новосибирск,Онлайн,3,18102.23
2025-02-15,C0280,Одежда,Санкт-Петербург,Магазин,3,12811.37
2025-02-15,C0147,Книги,Новосибирск,Магазин,1,668.42
2025-02-16,C0278,Электроника,Новосибирск,Онлайн,3,111126.85
2025-02-16,C0229,Книги,Москва,Онлайн,5,3396.18
2025-02-16,C0298,Продукты,Москва,Магазин,1,840.9
2025-02-16,C0099,Электроника,Санкт-Петербург,Магазин,3,84140.93
2025-02-16,C0240,Книги,Москва,Онлайн,3,2184.23
2025-02-16,C0000,Одежда,Санкт-Петербург,Онлайн,1,3913.45
2025-02-16,C0135,Электроника,Казань,Онлайн,2,35183.0
2025-02-16,C0156,Книги,Санкт-Петербург,Магазин,1,882.31
2025-02-16,C0208,Книги,Санкт-Петербург,Магазин,5,3960.58
2025-02-16,C0006,Электроника,Москва,Онлайн,1,30065.84
2025-02-16,C0031,Книги,Москва,Онлайн,3,2773.33
2025-02-16,C0166,Книги,Екатеринбург,Магазин,4,3040.68
2025-02-16,C0017,Книги,Москва,Магазин,2,1153.49
2025-02-16,C0197,Одежда,Новосибирск,Онлайн,1,4953.46
2025-02-16,C0095,Книги,Москва,Онлайн,1,602.13
2025-02-16,C0156,Одежда,Москва,Магазин,1,5957.46
2025-02-16,C0217,Книги,Екатеринбург,Онлайн,2,1182.81
2025-02-17,C0008,Книги,Санкт-Петербург,Магазин,4,2472.24
2025-02-17,C0262,Книги,Санкт-Петербург,Онлайн,5,4069.77
2025-02-17,C0101,Продукты,Москва,Магазин,3,3030.21
2025-02-17,C0169,Спорт,Санкт-Петербург,Магазин,1,6337.99
2025-02-17,C0009,Электроника,Москва,Онлайн,5,135575.12
2025-02-18,C0096,Книги,Екатеринбург,Онлайн,1,807.78
2025-02-18,C0065,Книги,Санкт-Петербург,Онлайн,3,2062.98
2025-02-18,C0169,Электроника,Санкт-Петербург,Магазин,3,88244.23
2025-02-18,C0262,Одежда,Москва,Онлайн,3,15087.35
2025-02-18,C0255,Одежда,Москва,Онлайн,3,8540.29
2025-02-18,C0255,Спорт,Санкт-Петербург,Магазин,2,13406.33
2025-02-18,C0195,Одежда,Москва,Онлайн,5,20948.33
2025-02-18,C0229,Одежда,Санкт-Петербург,Онлайн,4,15375.06
2025-02-18,C0279,Электроника,Москва,Магазин,5,139486.67
2025-02-18,C0197,Спорт,Санкт-Петербург,Онлайн,4,28559.49
2025-02-18,C0142,Спорт,Казань,Магазин,1,7871.8
2025-02-18,C0278,Электроника,Новосибирск,Онлайн,5,177442.88
2025-02-18,C0253,Спорт,Казань,Онлайн,3,19888.28
2025-02-18,C0068,Спорт,Москва,Магазин,2,12526.19
2025-02-19,C0171,Продукты,Санкт-Петербург,Магазин,2,1778.84
2025-02-19,C0009,Одежда,Москва,Онлайн,5,23301.36
2025-02-19,C0255,Одежда,Москва,Онлайн,5,24222.72
2025-02-19,C0186,Продукты,Москва,Магазин,5,5101.17
2025-02-19,C0095,Одежда,Москва,Магазин,3,12324.58
2025-02-19,C0065,Спорт,Москва,Онлайн,4,25374.31
2025-02-19,C0169,Электроника,Новосибирск,Онлайн,3,77094.05
2025-02-19,C0177,Книги,Санкт-Петербург,Магазин,5,4008.96
2025-02-20,C0252,Книги,Санкт-Петербург,Онлайн,4,2737.74
2025-02-20,C0261,Продукты,Екатеринбург,Магазин,2,1941.52
2025-02-20,C0261,Одежда,Екатеринбург,Магазин,2,7025.83
2025-02-20,C0076,Электроника,Москва,Онлайн,5,152231.09
2025-02-20,C0137,Спорт,Москва,Онлайн,4,26656.95
2025-02-21,C0240,Спорт,Екатеринбург,Онлайн,3,15244.23
2025-02-21,C0031,Спорт,Москва,Онлайн,4,28688.93
2025-02-21,C0076,Книги,Москва,Онлайн,4,2523.65
2025-02-21,C0205,Продукты,Санкт-Петербург,Магазин,4,3831.3
2025-02-21,C0132,Одежда,Москва,Онлайн,5,22344.91
2025-02-21,C0166,Электроника,Санкт-Петербург,Онлайн,1,39386.48
2025-02-21,C0195,Продукты,Москва,Онлайн,2,2224.58
2025-02-21,C0076,Спорт,Москва,Онлайн,4,18236.88
2025-02-21,C0009,Продукты,Санкт-Петербург,Онлайн,3,3732.64
2025-02-21,C0073,Одежда,Москва,Онлайн,5,18423.82
2025-02-21,C0279,Одежда,Москва,Онлайн,4,17834.7
2025-02-22,C0271,Одежда,Санкт-Петербург,Магазин,5,25342.2
2025-02-22,C0032,Одежда,Москва,Онлайн,1,5062.79
2025-02-22,C0051,Спорт,Казань,Магазин,5,31101.36
2025-02-22,C0279,Книги,Казань,Магазин,4,3159.89
2025-02-22,C0195,Книги,Санкт-Петербург,Онлайн,4,2430.18
2025-02-22,C0040,Продукты,Москва,Магазин,5,5072.7
2025-02-22,C0210,Электроника,Москва,Онлайн,5,134464.93
2025-02-22,C0119,Продукты,Екатеринбург,Магазин,5,4377.41
2025-02-22,C0171,Одежда,Москва,Магазин,4,16821.31
2025-02-22,C0252,Одежда,Новосибирск,Магазин,5,21738.97
2025-02-23,C0077,Электроника,Москва,Онлайн,2,72374.41
2025-02-23,C0250,Книги,Москва,Онлайн,5,3421.03
2025-02-23,C0117,Продукты,Москва,Онлайн,2,1930.98
2025-02-23,C0298,Одежда,Москва,Онлайн,1,3049.33
2025-02-23,C0000,Электроника,Санкт-Петербург,Онлайн,5,144203.29
2025-02-23,C0142,Продукты,Новосибирск,Магазин,5,5489.8
2025-02-23,C0151,Продукты,Новосибирск,Магазин,2,1427.45
2025-02-23,C0132,Книги,Москва,Магазин,3,2487.04
2025-02-23,C0009,Книги,Казань,Магазин,4,2904.81
2025-02-23,C0250,Книги,Екатеринбург,Онлайн,5,4188.29
2025-02-24,C0071,Книги,Москва,Онлайн,1,793.11
2025-02-24,C0208,Одежда,Новосибирск,Магазин,4,18608.88
2025-02-24,C0280,Спорт,Москва,Магазин,4,26493.66
2025-02-24,C0009,Спорт,Санкт-Петербург,Онлайн,1,4934.02
2025-02-24,C0008,Электроника,Екатеринбург,Онлайн,3,105314.72
2025-02-24,C0147,Книги,Новосибирск,Магазин,2,1434.56
2025-02-24,C0055,Книги,Екатеринбург,Онлайн,2,1324.24
2025-02-24,C0210,Одежда,Казань,Онлайн,1,3368.01
2025-02-24,C0293,Книги,Москва,Онлайн,5,3599.29
2025-02-25,C0126,Книги,Москва,Онлайн,5,3790.26
2025-02-25,C0116,Электроника,Екатеринбург,Магазин,1,31953.22
2025-02-25,C0299,Электроника,Москва,Магазин,2,67747.88
2025-02-25,C0096,Спорт,Москва,Онлайн,1,6190.14
2025-02-25,C0101,Электроника,Москва,Онлайн,3,107746.57
2025-02-25,C0099,Одежда,Новосибирск,Онлайн,3,9463.92
2025-02-25,C0169,Одежда,Екатеринбург,Онлайн,5,24283.93
2025-02-26,C0087,Электроника,Москва,Магазин,5,178647.63
2025-02-26,C0261,Одежда,Екатеринбург,Онлайн,5,21492.5
2025-02-26,C0149,Электроника,Новосибирск,Онлайн,3,84509.76
2025-02-26,C0271,Книги,Москва,Магазин,3,2182.84
2025-02-26,C0086,Одежда,Екатеринбург,Магазин,4,16616.92
2025-02-26,C0040,Продукты,Новосибирск,Онлайн,2,2135.57
2025-02-26,C0142,Продукты,Санкт-Петербург,Магазин,1,1255.38
2025-02-27,C0249,Продукты,Екатеринбург,Магазин,3,2607.33
2025-02-27,C0147,Электроника,Казань,Онлайн,5,146889.01
2025-02-27,C0156,Одежда,Санкт-Петербург,Онлайн,1,5450.59
2025-02-27,C0249,Одежда,Екатеринбург,Магазин,4,14890.85
2025-02-27,C0270,Книги,Екатеринбург,Магазин,2,1577.09
2025-02-27,C0038,Одежда,Москва,Онлайн,3,15042.15
2025-02-28,C0149,Спорт,Москва,Онлайн,4,27987.73
2025-02-28,C0188,Электроника,Новосибирск,Онлайн,4,123771.35
2025-02-28,C0032,Одежда,Екатеринбург,Онлайн,1,3592.03
2025-02-28,C0149,Электроника,Екатеринбург,Онлайн,2,64875.4
2025-02-28,C0040,Продукты,Санкт-Петербург,Онлайн,3,3443.15
2025-02-28,C0229,Электроника,Казань,Онлайн,4,125970.06
2025-02-28,C0008,Продукты,Санкт-Петербург,Онлайн,4,4661.35
2025-02-28,C0232,Электроника,Новосибирск,Онлайн,4,122358.44
2025-02-28,C0215,Электроника,Санкт-Петербург,Магазин,2,69418.48
2025-03-01,C0057,Спорт,Москва,Магазин,1,5295.88
2025-03-01,C0249,Электроника,Новосибирск,Онлайн,4,130865.47
2025-03-01,C0169,Электроника,Казань,Онлайн,4,112991.88
2025-03-01,C0054,Одежда,Новосибирск,Магазин,5,19939.83
2025-03-01,C0075,Продукты,Новосибирск,Онлайн,2,2387.12
2025-03-01,C0077,Книги,Санкт-Петербург,Онлайн,1,707.82
2025-03-02,C0168,Одежда,Санкт-Петербург,Магазин,5,21106.81
2025-03-02,C0267,Продукты,Москва,Онлайн,1,934.02
2025-03-02,C0175,Одежда,Екатеринбург,Онлайн,1,5168.12
2025-03-02,C0218,Электроника,Москва,Магазин,1,29917.44
2025-03-02,C0019,Спорт,Москва,Онлайн,1,6070.45
2025-03-02,C0234,Книги,Москва,Магазин,3,2638.33
2025-03-02,C0108,Книги,Екатеринбург,Онлайн,2,1456.99
2025-03-03,C0073,Одежда,Москва,Магазин,2,8997.45
2025-03-03,C0054,Одежда,Санкт-Петербург,Онлайн,4,17564.36
2025-03-03,C0168,Спорт,Москва,Магазин,3,18849.64
2025-03-03,C0051,Электроника,Санкт-Петербург,Магазин,1,27693.29
2025-03-03,C0054,Спорт,Москва,Онлайн,2,13321.57
2025-03-03,C0270,Спорт,Санкт-Петербург,Онлайн,4,20317.28
2025-03-03,C0072,Продукты,Москва,Онлайн,1,788.83
2025-03-04,C0283,Спорт,Санкт-Петербург,Онлайн,4,24994.73
2025-03-04,C0082,Спорт,Санкт-Петербург,Магазин,3,21303.46
2025-03-04,C0052,Книги,Новосибирск,Магазин,4,3655.63
2025-03-04,C0281,Электроника,Екатеринбург,Магазин,3,101560.77
2025-03-04,C0169,Электроника,Москва,Магазин,4,142191.86
2025-03-04,C0166,Одежда,Санкт-Петербург,Онлайн,1,4554.24
2025-03-04,C0101,Электроника,Москва,Магазин,2,68671.74
2025-03-04,C0279,Книги,Санкт-Петербург,Онлайн,5,2659.29
2025-03-04,C0242,Продукты,Новосибирск,Онлайн,5,5249.69
2025-03-04,C0240,Продукты,Казань,Онлайн,2,2056.19
2025-03-05,C0004,Одежда,Санкт-Петербург,Магазин,5,21105.51
2025-03-05,C0138,Продукты,Москва,Магазин,5,4782.86
2025-03-05,C0142,Электроника,Новосибирск,Магазин,5,200715.36
2025-03-05,C0200,Книги,Москва,Онлайн,4,2830.58
2025-03-05,C0040,Одежда,Москва,Магазин,3,13377.98
2025-03-05,C0051,Одежда,Новосибирск,Онлайн,5,26886.31
2025-03-06,C0218,Продукты,Москва,Магазин,3,3349.66
2025-03-06,C0040,Электроника,Москва,Магазин,5,141412.32
2025-03-06,C0215,Книги,Екатеринбург,Онлайн,4,2721.32
2025-03-06,C0286,Одежда,Москва,Онлайн,3,12085.71
2025-03-06,C0103,Спорт,Екатеринбург,Магазин,4,16445.18
2025-03-06,C0119,Книги,Екатеринбург,Онлайн,3,2883.19
2025-03-06,C0193,Электроника,Санкт-Петербург,Онлайн,1,32519.13
2025-03-06,C0215,Одежда,Санкт-Петербург,Магазин,4,18698.04
2025-03-07,C0223,Продукты,Казань,Онлайн,5,4958.35
2025-03-07,C0204,Одежда,Екатеринбург,Онлайн,2,9124.7
2025-03-07,C0267,Книги,Санкт-Петербург,Онлайн,5,4511.58
2025-03-07,C0250,Продукты,Москва,Онлайн,1,1127.57
2025-03-07,C0123,Спорт,Санкт-Петербург,Онлайн,5,31372.92
2025-03-08,C0038,Спорт,Екатеринбург,Онлайн,4,27646.36
2025-03-08,C0187,Продукты,Санкт-Петербург,Магазин,2,2213.78
2025-03-08,C0038,Одежда,Казань,Магазин,1,4314.87
2025-03-08,C0110,Одежда,Санкт-Петербург,Онлайн,1,4697.78
2025-03-09,C0249,Одежда,Новосибирск,Онлайн,3,10532.29
2025-03-09,C0032,Продукты,Москва,Онлайн,1,1047.17
2025-03-09,C0270,Продукты,Москва,Магазин,1,1011.7
2025-03-09,C0216,Книги,Москва,Онлайн,3,2401.75
2025-03-09,C0087,Спорт,Санкт-Петербург,Онлайн,1,7106.18
2025-03-09,C0267,Спорт,Санкт-Петербург,Магазин,2,15137.96
2025-03-09,C0255,Электроника,Санкт-Петербург,Онлайн,1,33535.89
2025-03-09,C0000,Продукты,Санкт-Петербург,Онлайн,5,4904.32
2025-03-09,C0238,Спорт,Санкт-Петербург,Онлайн,2,11444.86
2025-03-10,C0187,Продукты,Москва,Онлайн,5,3685.59
2025-03-10,C0249,Продукты,Новосибирск,Магазин,2,1886.83
2025-03-10,C0146,Продукты,Москва,Магазин,4,5553.1
2025-03-10,C0215,Спорт,Санкт-Петербург,Онлайн,5,36038.16
2025-03-10,C0075,Одежда,Москва,Магазин,4,17734.87
2025-03-10,C0232,Электроника,Санкт-Петербург,Онлайн,2,66688.43
2025-03-11,C0095,Одежда,Казань,Онлайн,5,25040.03
2025-03-11,C0175,Электроника,Новосибирск,Онлайн,3,
2025-03-11,C0267,Книги,Екатеринбург,Онлайн,2,1763.97
2025-03-11,C0021,Книги,Санкт-Петербург,Магазин,1,782.76
2025-03-11,C0202,Книги,Екатеринбург,Онлайн,4,3115.83
2025-03-11,C0187,Продукты,Москва,Онлайн,1,1202.01
2025-03-11,C0250,Продукты,Москва,Магазин,2,1401.34
2025-03-11,C0167,Продукты,Казань,Онлайн,2,1779.15
2025-03-11,C0249,Одежда,Новосибирск,Магазин,2,10226.42
2025-03-11,C0185,Электроника,Казань,Онлайн,1,29297.33
2025-03-12,C0029,Продукты,Санкт-Петербург,Магазин,4,5011.36
2025-03-12,C0193,Продукты,Санкт-Петербург,Онлайн,3,2763.34
2025-03-12,C0266,Одежда,Казань,Магазин,1,5299.48
2025-03-12,C0151,Спорт,Москва,Онлайн,2,12845.02
2025-03-12,C0283,Одежда,Казань,Магазин,1,4419.66
2025-03-12,C0245,Одежда,Новосибирск,Магазин,5,20618.66
2025-03-12,C0170,Электроника,Казань,Магазин,4,127529.26
2025-03-12,C0135,Книги,Москва,Онлайн,4,4596.82
2025-03-12,C0284,Спорт,Санкт-Петербург,Онлайн,3,20019.65
2025-03-12,C0103,Спорт,Москва,Магазин,5,35372.15
2025-03-12,C0242,Одежда,Санкт-Петербург,Онлайн,5,21376.52
2025-03-13,C0229,Одежда,Екатеринбург,Онлайн,2,9123.28
2025-03-13,C0169,Одежда,Екатеринбург,Магазин,1,3947.34
2025-03-13,C0275,Книги,Новосибирск,Магазин,2,1485.78
2025-03-13,C0162,Продукты,Казань,Онлайн,5,4109.66
2025-03-13,C0291,Книги,Москва,Магазин,5,4298.08
2025-03-13,C0146,Спорт,Москва,Онлайн,1,4856.06
2025-03-13,C0189,Книги,Санкт-Петербург,Онлайн,4,2781.95
2025-03-13,C0069,Продукты,Казань,Онлайн,2,2197.52
2025-03-13,C0213,Одежда,Санкт-Петербург,Онлайн,3,13910.91
2025-03-14,C0052,Продукты,Москва,Онлайн,1,923.99
2025-03-14,C0279,Книги,Казань,Онлайн,5,4106.16
2025-03-14,C0046,Продукты,Москва,Магазин,5,4629.7
2025-03-14,C0261,Одежда,Москва,Онлайн,3,13286.73
2025-03-15,C0196,Одежда,Казань,Онлайн,5,17252.58
2025-03-15,C0071,Электроника,Казань,Магазин,1,37763.86
2025-03-15,C0210,Книги,Казань,Онлайн,1,972.45
2025-03-16,C0238,Продукты,Екатеринбург,Онлайн,2,1356.14
2025-03-16,C0065,Одежда,Новосибирск,Онлайн,4,16997.16
2025-03-16,C0197,Спорт,Санкт-Петербург,Магазин,3,21976.36
2025-03-16,C0251,Продукты,Москва,Магазин,5,5052.85
2025-03-16,C0029,Электроника,Екатеринбург,Магазин,5,158564.26
2025-03-16,C0230,Одежда,Санкт-Петербург,Магазин,4,16285.53
2025-03-16,C0093,Спорт,Москва,Онлайн,4,32780.53
2025-03-16,C0284,Спорт,Екатеринбург,Магазин,4,25216.08
2025-03-17,C0008,Электроника,Санкт-Петербург,Онлайн,4,105803.86
2025-03-17,C0103,Одежда,Санкт-Петербург,Магазин,2,6679.96
2025-03-17,C0046,Спорт,Казань,Онлайн,3,21216.13
2025-03-17,C0163,Книги,Новосибирск,Магазин,4,3030.84
2025-03-17,C0146,Спорт,Москва,Магазин,3,14848.37
2025-03-17,C0252,Электроника,Новосибирск,Магазин,5,155501.07
2025-03-18,C0043,Книги,Москва,Онлайн,5,3362.1
2025-03-18,C0187,Одежда,Санкт-Петербург,Онлайн,2,12189.89
2025-03-18,C0164,Спорт,Москва,Онлайн,5,25819.7
2025-03-18,C0077,Спорт,Санкт-Петербург,Онлайн,5,32489.55
2025-03-18,C0229,Электроника,Казань,Онлайн,3,69030.77
2025-03-18,C0116,Спорт,Санкт-Петербург,Онлайн,2,13774.16
2025-03-18,C0242,Спорт,Казань,Магазин,4,30467.01
2025-03-18,C0221,Спорт,Санкт-Петербург,Онлайн,3,21575.68
2025-03-18,C0232,Одежда,Санкт-Петербург,Магазин,4,14355.19
2025-03-18,C0065,Спорт,Новосибирск,Магазин,2,11472.77
2025-03-18,C0069,Одежда,Казань,Онлайн,3,13679.69
2025-03-19,C0196,Спорт,Санкт-Петербург,Онлайн,3,13356.22
2025-03-19,C0281,Книги,Москва,Онлайн,4,2593.09
2025-03-19,C0030,Продукты,Москва,Магазин,5,5031.47
2025-03-19,C0298,Продукты,Москва,Онлайн,4,4376.92
2025-03-19,C0275,Продукты,Новосибирск,Онлайн,5,6180.74
2025-03-19,C0154,Книги,Москва,Онлайн,1,700.21
2025-03-19,C0204,Книги,Москва,Онлайн,2,1270.72
2025-03-19,C0279,Книги,Санкт-Петербург,Магазин,4,3257.99
2025-03-20,C0170,Одежда,Казань,Онлайн,5,20147.55
2025-03-20,C0177,Одежда,Москва,Онлайн,2,8069.81
2025-03-20,C0258,Продукты,Санкт-Петербург,Магазин,1,1104.92
2025-03-20,C0247,Книги,Казань,Онлайн,2,1911.36
2025-03-20,C0021,Одежда,Новосибирск,Онлайн,1,4702.97
2025-03-20,C0073,Продукты,Санкт-Петербург,Онлайн,3,3378.17
2025-03-20,C0081,Электроника,Казань,Магазин,1,33654.7
2025-03-20,C0215,Одежда,Санкт-Петербург,Онлайн,3,11569.71
2025-03-20,C0068,Одежда,Москва,Онлайн,3,8298.77
2025-03-20,C0297,Спорт,Екатеринбург,Онлайн,2,13322.33
2025-03-20,C0216,Продукты,Санкт-Петербург,Онлайн,1,1060.07
2025-03-20,C0035,Одежда,Казань,Онлайн,4,18613.76
2025-03-21,C0299,Продукты,Москва,Онлайн,1,897.67
2025-03-21,C0168,Одежда,Москва,Онлайн,1,4901.86
2025-03-21,C0274,Продукты,Екатеринбург,Магазин,3,3115.39
2025-03-21,C0000,Спорт,Москва,Онлайн,4,31977.46
2025-03-21,C0202,Одежда,Санкт-Петербург,Онлайн,2,9409.3
2025-03-21,C0044,Спорт,Екатеринбург,Онлайн,1,7605.85
2025-03-21,C0189,Книги,Новосибирск,Магазин,1,762.0
2025-03-21,C0141,Продукты,Казань,Магазин,4,4254.43
2025-03-21,C0075,Одежда,Новосибирск,Магазин,2,9033.96
2025-03-21,C0215,Книги,Санкт-Петербург,Онлайн,2,1655.72
2025-03-21,C0169,Спорт,Москва,Онлайн,2,12617.36
2025-03-22,C0281,Электроника,Москва,Онлайн,3,92320.02
2025-03-22,C0257,Одежда,Санкт-Петербург,Онлайн,2,9206.03
2025-03-22,C0153,Электроника,Екатеринбург,Онлайн,1,30495.76
2025-03-22,C0031,Книги,Новосибирск,Онлайн,4,2870.04
2025-03-22,C0032,Книги,Санкт-Петербург,Магазин,5,4255.25
2025-03-22,C0052,Одежда,Санкт-Петербург,Магазин,3,13897.97
2025-03-22,C0230,Спорт,Санкт-Петербург,Онлайн,1,6574.03
2025-03-22,C0123,Электроника,Москва,Магазин,5,188131.83
2025-03-22,C0213,Одежда,Москва,Онлайн,3,13665.49
2025-03-22,C0019,Спорт,Санкт-Петербург,Магазин,5,30078.7
2025-03-22,C0266,Одежда,Санкт-Петербург,Онлайн,1,3892.96
2025-03-23,C0081,Одежда,Екатеринбург,Онлайн,4,19574.59
2025-03-23,C0090,Одежда,Москва,Онлайн,1,5014.2
2025-03-23,C0068,Электроника,Москва,Онлайн,1,30943.17
2025-03-23,C0095,Электроника,Казань,Онлайн,3,97066.68
2025-03-23,C0255,Книги,Москва,Онлайн,3,2161.14
2025-03-23,C0299,Книги,Москва,Онлайн,1,551.87
2025-03-23,C0182,Спорт,Москва,Онлайн,5,35439.18
2025-03-23,C0038,Продукты,Санкт-Петербург,Магазин,5,4440.23
2025-03-23,C0038,Одежда,Новосибирск,Магазин,1,4648.13
2025-03-23,C0040,Одежда,Екатеринбург,Онлайн,1,5312.48
2025-03-24,C0017,Одежда,Санкт-Петербург,Магазин,2,6502.35
2025-03-24,C0181,Электроника,Новосибирск,Онлайн,1,29266.69
2025-03-24,C0108,Электроника,Москва,Онлайн,4,128879.2
2025-03-24,C0101,Продукты,Новосибирск,Онлайн,1,1216.98
2025-03-24,C0242,Одежда,Казань,Магазин,4,18956.62
2025-03-24,C0188,Одежда,Москва,Онлайн,5,20013.12
2025-03-24,C0040,Электроника,Новосибирск,Магазин,2,67746.03
2025-03-25,C0242,Одежда,Екатеринбург,Онлайн,5,21849.49
2025-03-25,C0299,Книги,Москва,Онлайн,4,3785.24
2025-03-25,C0297,Электроника,Казань,Онлайн,5,154444.09
2025-03-25,C0132,Книги,Москва,Магазин,3,2780.78
2025-03-25,C0291,Электроника,Москва,Онлайн,2,77069.45
2025-03-25,C0204,Электроника,Екатеринбург,Онлайн,3,119073.08
2025-03-26,C0119,Одежда,Москва,Онлайн,2,9667.16
2025-03-26,C0237,Книги,Москва,Онлайн,3,3547.63
2025-03-26,C0229,Спорт,Санкт-Петербург,Онлайн,2,15659.84
2025-03-26,C0182,Спорт,Москва,Онлайн,5,38294.79
2025-03-26,C0137,Продукты,Москва,Магазин,3,4565.58
2025-03-26,C0267,Электроника,Екатеринбург,Магазин,1,30675.23
2025-03-26,C0077,Продукты,Казань,Магазин,5,3753.65
2025-03-27,C0280,Продукты,Москва,Онлайн,1,847.63
2025-03-27,C0164,Электроника,Екатеринбург,Магазин,3,87405.97
2025-03-27,C0081,Электроника,Москва,Онлайн,5,160848.93
2025-03-27,C0298,Продукты,Москва,Магазин,2,2064.85
2025-03-27,C0216,Книги,Санкт-Петербург,Онлайн,5,4218.78
2025-03-27,C0126,Электроника,Москва,Онлайн,3,104086.46
2025-03-28,C0137,Продукты,Санкт-Петербург,Магазин,3,4057.59
2025-03-28,C0032,Электроника,Санкт-Петербург,Онлайн,2,66710.35
2025-03-28,C0069,Продукты,Новосибирск,Магазин,1,1021.3
2025-03-28,C0142,Продукты,Новосибирск,Онлайн,3,3431.73
2025-03-28,C0252,Продукты,Новосибирск,Онлайн,4,3344.09
2025-03-28,C0177,Спорт,Казань,Онлайн,2,14087.78
2025-03-29,C0149,Электроника,Новосибирск,Онлайн,4,126294.8
2025-03-29,C0229,Электроника,Санкт-Петербург,Магазин,5,147222.12
2025-03-29,C0004,Книги,Санкт-Петербург,Магазин,2,1606.13
2025-03-29,C0289,Одежда,Санкт-Петербург,Онлайн,4,19833.82
2025-03-29,C0004,Электроника,Москва,Магазин,3,108008.91
2025-03-29,C0073,Книги,Новосибирск,Магазин,3,2175.37
2025-03-29,C0044,Электроника,Санкт-Петербург,Онлайн,2,58747.18
2025-03-30,C0095,Электроника,Москва,Онлайн,3,83868.53
2025-03-30,C0057,Продукты,Москва,Магазин,2,1753.99
2025-03-30,C0215,Книги,Москва,Магазин,4,2572.15
2025-03-30,C0200,Книги,Москва,Онлайн,3,2424.75
2025-03-30,C0071,Одежда,Екатеринбург,Онлайн,2,6577.58
2025-03-30,C0170,Спорт,Москва,Онлайн,2,13021.82
2025-03-30,C0204,Продукты,Санкт-Петербург,Онлайн,1,989.65
2025-03-30,C0217,Одежда,Москва,Магазин,1,4248.17
2025-03-31,C0189,Спорт,Москва,Онлайн,4,16497.25
2025-03-31,C0154,Книги,Москва,Онлайн,2,1892.67
2025-03-31,C0072,Книги,Москва,Магазин,4,2889.19
2025-03-31,C0252,Спорт,Москва,Онлайн,3,20432.26
2025-03-31,C0213,Спорт,Казань,Онлайн,4,30356.92
2025-03-31,C0019,Одежда,Новосибирск,Онлайн,4,18317.64
2025-03-31,C0169,Продукты,Москва,Онлайн,4,4817.46
2025-03-31,C0252,Продукты,Санкт-Петербург,Магазин,1,1132.08
2025-03-31,C0245,Книги,Новосибирск,Магазин,1,829.79
2025-03-31,C0032,Спорт,Москва,Онлайн,2,10633.31
2025-03-31,C0230,Книги,Казань,Магазин,3,2017.7
2025-04-01,C0262,Книги,Санкт-Петербург,Магазин,5,3789.79
2025-04-01,C0170,Продукты,Санкт-Петербург,Онлайн,2,1959.01
2025-04-01,C0279,Спорт,Санкт-Петербург,Онлайн,3,18808.93
2025-04-01,C0016,Спорт,Екатеринбург,Магазин,2,14722.62
2025-04-01,C0055,Продукты,Москва,Онлайн,1,936.93
2025-04-01,C0129,Электроника,Казань,Онлайн,3,104148.61
2025-04-02,C0187,Электроника,Москва,Онлайн,5,149973.95
2025-04-02,C0068,Электроника,Новосибирск,Онлайн,2,65345.61
2025-04-02,C0149,Книги,Москва,Онлайн,3,2556.62
2025-04-02,C0114,Одежда,Санкт-Петербург,Магазин,3,15949.24
2025-04-02,C0270,Электроника,Казань,Онлайн,2,64437.6
2025-04-02,C0251,Книги,Екатеринбург,Онлайн,5,3620.36
2025-04-02,C0175,Спорт,Новосибирск,Магазин,4,27118.12
2025-04-03,C0000,Электроника,Санкт-Петербург,Магазин,1,31179.73
2025-04-03,C0142,Продукты,Москва,Онлайн,2,2079.08
2025-04-03,C0166,Книги,Новосибирск,Онлайн,1,883.96
2025-04-03,C0236,Книги,Москва,Онлайн,3,2510.98
2025-04-03,C0081,Продукты,Москва,Магазин,4,4394.0
2025-04-03,C0251,Одежда,Казань,Магазин,4,19823.06
2025-04-03,C0215,Продукты,Санкт-Петербург,Магазин,4,4689.7
2025-04-03,C0161,Электроника,Новосибирск,Магазин,2,84664.78
2025-04-03,C0266,Книги,Новосибирск,Магазин,4,3130.84
2025-04-03,C0216,Электроника,Санкт-Петербург,Магазин,1,29318.87
2025-04-03,C0294,Спорт,Москва,Онлайн,3,18614.48
2025-04-03,C0259,Продукты,Санкт-Петербург,Онлайн,4,3590.34
2025-04-03,C0269,Книги,Москва,Онлайн,3,1519.64
2025-04-03,C0073,Продукты,Москва,Онлайн,2,1838.6
2025-04-04,C0129,Электроника,Казань,Магазин,2,73757.73
2025-04-04,C0019,Спорт,Москва,Онлайн,1,5547.01
2025-04-04,C0101,Продукты,Москва,Онлайн,4,4211.09
2025-04-04,C0245,Одежда,Санкт-Петербург,Онлайн,3,14284.01
2025-04-04,C0158,Спорт,Санкт-Петербург,Магазин,3,20376.77
2025-04-04,C0163,Книги,Новосибирск,Онлайн,1,746.89
2025-04-04,C0247,Продукты,Новосибирск,Магазин,5,4658.11
2025-04-04,C0117,Продукты,Москва,Магазин,3,3330.25
2025-04-04,C0073,Книги,Санкт-Петербург,Онлайн,3,2380.26
2025-04-04,C0232,Одежда,Екатеринбург,Магазин,4,20316.31
2025-04-04,C0021,Спорт,Екатеринбург,Магазин,2,11728.06
2025-04-05,C0181,Книги,Москва,Онлайн,4,2474.66
2025-04-05,C0189,Книги,Казань,Онлайн,5,3978.94
2025-04-05,C0069,Книги,Санкт-Петербург,Онлайн,5,3630.28
2025-04-05,C0078,Электроника,Казань,Магазин,4,106346.08
2025-04-05,C0288,Продукты,Москва,Магазин,1,917.69
2025-04-05,C0026,Книги,Москва,Онлайн,2,1329.79
2025-04-05,C0076,Одежда,Москва,Онлайн,1,4029.45
2025-04-05,C0265,Спорт,Санкт-Петербург,Онлайн,2,11782.65
2025-04-05,C0117,Спорт,Санкт-Петербург,Магазин,5,35387.25
2025-04-05,C0205,Книги,Москва,Онлайн,1,840.33
2025-04-05,C0086,Одежда,Казань,Онлайн,3,13789.28
2025-04-05,C0146,Одежда,Санкт-Петербург,Онлайн,5,24306.03
2025-04-06,C0064,Продукты,Казань,Магазин,5,3852.73
2025-04-06,C0082,Одежда,Санкт-Петербург,Онлайн,5,20299.33
2025-04-06,C0168,Книги,Новосибирск,Магазин,4,2597.56
2025-04-06,C0031,Продукты,Москва,Онлайн,3,2658.41
2025-04-06,C0136,Спорт,Москва,Онлайн,2,10798.06
2025-04-06,C0082,Книги,Екатеринбург,Онлайн,5,4116.82
2025-04-06,C0128,Продукты,Новосибирск,Онлайн,1,887.0
2025-04-06,C0202,Книги,Казань,Магазин,4,2864.33
2025-04-06,C0241,Электроника,Москва,Магазин,3,88719.38
2025-04-06,C0254,Продукты,Москва,Магазин,1,1296.71
2025-04-06,C0071,Одежда,Екатеринбург,Магазин,4,19212.76
2025-04-07,C0185,Электроника,Казань,Магазин,4,133055.16
2025-04-07,C0062,Книги,Москва,Онлайн,2,1730.46
2025-04-07,C0069,Электроника,Казань,Магазин,2,51900.26
2025-04-07,C0200,Продукты,Москва,Магазин,1,873.63
2025-04-07,C0271,Продукты,Санкт-Петербург,Онлайн,5,5403.85
2025-04-07,C0191,Одежда,Санкт-Петербург,Онлайн,3,13783.73
2025-04-07,C0055,Спорт,Казань,Онлайн,2,12575.78
2025-04-07,C0086,Спорт,Москва,Онлайн,4,29157.34
2025-04-08,C0086,Книги,Санкт-Петербург,Онлайн,1,824.49
2025-04-08,C0040,Одежда,Казань,Онлайн,1,5665.52
2025-04-08,C0293,Спорт,Екатеринбург,Магазин,4,27379.01
2025-04-08,C0067,Продукты,Санкт-Петербург,Магазин,5,6173.91
2025-04-08,C0009,Книги,Санкт-Петербург,Онлайн,1,727.03
2025-04-08,C0112,Электроника,Казань,Онлайн,1,38235.73
2025-04-08,C0073,Электроника,Екатеринбург,Онлайн,5,190939.43
2025-04-08,C0095,Электроника,Москва,Магазин,1,
2025-04-08,C0086,Спорт,Санкт-Петербург,Онлайн,5,35855.03
2025-04-08,C0189,Электроника,Казань,Магазин,3,83245.25
2025-04-08,C0095,Одежда,Новосибирск,Онлайн,5,26663.86
2025-04-09,C0130,Электроника,Екатеринбург,Магазин,2,72705.97
2025-04-09,C0274,Одежда,Москва,Магазин,4,19123.38
2025-04-09,C0087,Продукты,Москва,Магазин,2,2315.44
2025-04-09,C0200,Книги,Москва,Магазин,5,4214.89
2025-04-09,C0167,Книги,Москва,Онлайн,5,3929.35
2025-04-09,C0139,Продукты,Екатеринбург,Онлайн,2,2020.37
2025-04-09,C0240,Продукты,Екатеринбург,Магазин,1,816.53
2025-04-09,C0184,Продукты,Москва,Магазин,3,3133.58
2025-04-10,C0008,Продукты,Москва,Онлайн,5,5095.96
2025-04-10,C0175,Книги,Екатеринбург,Магазин,3,2473.56
2025-04-10,C0171,Книги,Москва,Онлайн,5,2893.01
2025-04-10,C0087,Спорт,Москва,Магазин,3,17178.98
2025-04-10,C0232,Одежда,Казань,Онлайн,5,25088.89
2025-04-10,C0216,Книги,Москва,Магазин,1,953.25
2025-04-10,C0029,Одежда,Казань,Онлайн,5,17534.49
2025-04-10,C0101,Книги,Москва,Магазин,1,750.23
2025-04-10,C0186,Спорт,Москва,Магазин,3,22150.84
2025-04-10,C0129,Одежда,Казань,Магазин,4,15153.44
2025-04-11,C0252,Продукты,Москва,Онлайн,3,3138.67
2025-04-11,C0114,Электроника,Москва,Онлайн,2,74501.16
2025-04-11,C0167,Одежда,Екатеринбург,Онлайн,2,9901.45
2025-04-11,C0204,Спорт,Казань,Магазин,4,22734.78
2025-04-11,C0257,Продукты,Новосибирск,Магазин,5,5027.93
2025-04-11,C0215,Спорт,Санкт-Петербург,Магазин,2,10255.14
2025-04-11,C0077,Одежда,Казань,Онлайн,5,23774.58
2025-04-11,C0142,Электроника,Казань,Магазин,2,67724.57
2025-04-11,C0229,Продукты,Москва,Магазин,2,3005.05
2025-04-11,C0142,Книги,Москва,Онлайн,3,2566.9
2025-04-11,C0213,Книги,Москва,Онлайн,3,2386.22
2025-04-11,C0082,Одежда,Казань,Магазин,5,26470.2
2025-04-11,C0239,Одежда,Москва,Онлайн,2,8507.74
2025-04-12,C0204,Электроника,Казань,Онлайн,2,75003.08
2025-04-12,C0095,Электроника,Санкт-Петербург,Онлайн,1,37114.43
2025-04-12,C0236,Одежда,Новосибирск,Онлайн,4,18018.59
2025-04-12,C0149,Электроника,Москва,Онлайн,2,68225.11
2025-04-12,C0280,Одежда,Москва,Магазин,1,2748.14
2025-04-12,C0238,Продукты,Москва,Онлайн,3,3109.43
2025-04-12,C0289,Одежда,Казань,Магазин,2,11341.08
2025-04-13,C0208,Книги,Москва,Онлайн,2,1236.18
2025-04-13,C0215,Одежда,Казань,Магазин,1,5035.92
2025-04-13,C0068,Продукты,Москва,Онлайн,3,2406.43
2025-04-13,C0071,Книги,Новосибирск,Магазин,4,2975.66
2025-04-13,C0269,Книги,Москва,Онлайн,5,4104.56
2025-04-13,C0118,Книги,Казань,Онлайн,2,1523.97
2025-04-14,C0133,Продукты,Санкт-Петербург,Магазин,3,3525.6
2025-04-14,C0186,Электроника,Екатеринбург,Онлайн,2,69086.36
2025-04-14,C0200,Электроника,Новосибирск,Магазин,3,77537.31
2025-04-14,C0026,Продукты,Казань,Онлайн,2,1823.25
2025-04-14,C0122,Одежда,Екатеринбург,Онлайн,2,9313.52
2025-04-14,C0243,Электроника,Санкт-Петербург,Онлайн,1,39820.57
2025-04-14,C0068,Спорт,Екатеринбург,Онлайн,3,21891.86
2025-04-14,C0099,Электроника,Казань,Онлайн,3,79141.11
2025-04-15,C0039,Продукты,Казань,Магазин,3,2596.61
2025-04-15,C0138,Электроника,Санкт-Петербург,Онлайн,2,66329.01
2025-04-15,C0291,Электроника,Казань,Онлайн,5,176137.69
2025-04-15,C0115,Продукты,Екатеринбург,Магазин,4,4996.3
2025-04-15,C0119,Книги,Москва,Онлайн,2,1767.93
2025-04-15,C0191,Спорт,Москва,Онлайн,1,7695.75
2025-04-15,C0128,Книги,Москва,Онлайн,5,4575.69
2025-04-15,C0122,Спорт,Москва,Онлайн,5,27422.52
2025-04-15,C0051,Электроника,Москва,Онлайн,3,107998.9
2025-04-15,C0275,Книги,Екатеринбург,Онлайн,5,4038.72
2025-04-15,C0029,Спорт,Москва,Магазин,2,13434.85
2025-04-15,C0031,Продукты,Москва,Онлайн,1,1349.31
2025-04-16,C0266,Книги,Санкт-Петербург,Онлайн,1,825.21
2025-04-16,C0227,Электроника,Екатеринбург,Магазин,4,140186.74
2025-04-16,C0099,Книги,Новосибирск,Магазин,2,1612.88
2025-04-16,C0232,Книги,Москва,Онлайн,3,2454.99
2025-04-16,C0294,Электроника,Москва,Онлайн,3,87655.7
2025-04-16,C0177,Продукты,Москва,Онлайн,4,4339.17
2025-04-16,C0171,Одежда,Новосибирск,Магазин,1,4560.08
2025-04-16,C0280,Спорт,Москва,Магазин,5,25572.03
2025-04-16,C0043,Одежда,Санкт-Петербург,Онлайн,5,23705.36
2025-04-16,C0046,Продукты,Москва,Онлайн,2,1936.7
2025-04-16,C0016,Электроника,Москва,Онлайн,4,130002.05
2025-04-16,C0169,Электроника,Москва,Магазин,2,45300.78
2025-04-17,C0071,Книги,Екатеринбург,Онлайн,5,3832.17
2025-04-17,C0095,Спорт,Казань,Онлайн,5,28241.45
2025-04-17,C0020,Продукты,Казань,Магазин,2,2178.82
2025-04-17,C0280,Спорт,Москва,Магазин,5,32592.46
2025-04-18,C0276,Одежда,Москва,Онлайн,3,11281.58
2025-04-18,C0082,Одежда,Москва,Онлайн,1,4947.09
2025-04-18,C0064,Электроника,Москва,Магазин,1,30823.11
2025-04-18,C0128,Спорт,Казань,Онлайн,1,7012.63
2025-04-18,C0205,Электроника,Казань,Онлайн,1,31325.27
2025-04-18,C0119,Одежда,Санкт-Петербург,Онлайн,5,23668.42
2025-04-18,C0122,Книги,Москва,Магазин,2,1260.87
2025-04-19,C0010,Одежда,Санкт-Петербург,Онлайн,1,3851.76
2025-04-19,C0200,Спорт,Москва,Магазин,1,7402.34
2025-04-19,C0040,Книги,Москва,Магазин,1,749.58
2025-04-19,C0267,Продукты,Москва,Магазин,4,3129.01
2025-04-19,C0279,Книги,Новосибирск,Онлайн,2,1382.56
2025-04-19,C0030,Электроника,Москва,Магазин,1,38559.72
2025-04-19,C0075,Одежда,Санкт-Петербург,Магазин,2,7072.32
2025-04-19,C0113,Книги,Екатеринбург,Онлайн,5,4784.81
2025-04-19,C0138,Продукты,Новосибирск,Онлайн,1,1101.25
2025-04-19,C0269,Книги,Екатеринбург,Онлайн,3,2319.98
2025-04-19,C0016,Книги,Москва,Магазин,1,
2025-04-20,C0188,Электроника,Новосибирск,Онлайн,3,80643.59
2025-04-20,C0076,Продукты,Санкт-Петербург,Онлайн,1,831.39
2025-04-20,C0252,Книги,Москва,Онлайн,5,3072.94
2025-04-20,C0189,Одежда,Москва,Онлайн,2,10033.07
2025-04-20,C0108,Книги,Екатеринбург,Онлайн,3,1359.89
2025-04-20,C0053,Книги,Москва,Онлайн,1,683.2
2025-04-20,C0261,Спорт,Санкт-Петербург,Онлайн,4,19094.71
2025-04-20,C0223,Спорт,Москва,Онлайн,2,14518.42
2025-04-20,C0228,Электроника,Москва,Магазин,3,126594.75
2025-04-20,C0069,Одежда,Москва,Онлайн,3,10867.49
2025-04-20,C0170,Продукты,Екатеринбург,Онлайн,4,3954.28
2025-04-20,C0177,Одежда,Москва,Онлайн,2,10378.15
2025-04-20,C0294,Спорт,Москва,Онлайн,2,14898.35
2025-04-21,C0195,Электроника,Казань,Онлайн,2,59327.34
2025-04-21,C0146,Электроника,Санкт-Петербург,Онлайн,5,138278.79
2025-04-21,C0251,Одежда,Москва,Онлайн,4,14896.8
2025-04-21,C0189,Электроника,Москва,Онлайн,4,150605.83
2025-04-21,C0193,Спорт,Москва,Онлайн,4,32702.97
2025-04-21,C0154,Спорт,Казань,Онлайн,3,21052.49
2025-04-21,C0227,Книги,Санкт-Петербург,Онлайн,3,2441.0
2025-04-21,C0155,Книги,Санкт-Петербург,Онлайн,1,813.33
2025-04-21,C0101,Книги,Москва,Онлайн,3,2040.52
2025-04-21,C0230,Книги,Москва,Магазин,2,1306.33
2025-04-21,C0038,Электроника,Екатеринбург,Магазин,4,122946.17
2025-04-21,C0146,Продукты,Новосибирск,Магазин,5,4798.84
2025-04-21,C0157,Продукты,Москва,Онлайн,2,2176.39
2025-04-21,C0192,Спорт,Казань,Онлайн,5,32682.87
2025-04-22,C0240,Спорт,Санкт-Петербург,Магазин,2,10203.81
2025-04-22,C0236,Одежда,Москва,Онлайн,1,4851.7
2025-04-22,C0244,Одежда,Москва,Онлайн,3,13168.55
2025-04-22,C0262,Спорт,Санкт-Петербург,Магазин,4,27799.16
2025-04-22,C0275,Электроника,Санкт-Петербург,Онлайн,2,73371.98
2025-04-22,C0204,Электроника,Санкт-Петербург,Магазин,3,
2025-04-22,C0268,Электроника,Новосибирск,Магазин,1,24815.2
2025-04-22,C0185,Книги,Екатеринбург,Магазин,1,699.78
2025-04-23,C0195,Спорт,Новосибирск,Магазин,1,5791.58
2025-04-23,C0170,Электроника,Новосибирск,Онлайн,2,58401.64
2025-04-23,C0130,Спорт,Москва,Онлайн,1,6103.59
2025-04-23,C0108,Продукты,Москва,Онлайн,1,1182.91
2025-04-23,C0084,Одежда,Санкт-Петербург,Онлайн,5,25437.29
2025-04-23,C0186,Спорт,Санкт-Петербург,Онлайн,1,6468.02
2025-04-23,C0187,Электроника,Санкт-Петербург,Онлайн,2,82413.54
2025-04-24,C0101,Книги,Санкт-Петербург,Онлайн,5,4528.35
2025-04-24,C0232,Одежда,Казань,Магазин,5,20388.71
2025-04-24,C0216,Спорт,Москва,Магазин,2,
2025-04-24,C0008,Электроника,Казань,Магазин,1,28408.16
2025-04-25,C0195,Спорт,Новосибирск,Магазин,3,12214.17
2025-04-25,C0279,Книги,Новосибирск,Онлайн,2,1435.68
2025-04-25,C0166,Продукты,Казань,Онлайн,5,5051.24
2025-04-25,C0112,Одежда,Москва,Онлайн,2,9055.55
2025-04-25,C0289,Книги,Екатеринбург,Магазин,1,924.44
2025-04-26,C0077,Продукты,Новосибирск,Онлайн,2,1807.7
2025-04-26,C0137,Электроника,Санкт-Петербург,Онлайн,1,25541.97
2025-04-26,C0076,Одежда,Москва,Магазин,5,19967.89
2025-04-26,C0255,Книги,Новосибирск,Онлайн,4,2882.73
2025-04-26,C0270,Книги,Казань,Магазин,4,3969.0
2025-04-26,C0016,Одежда,Санкт-Петербург,Онлайн,5,21077.49
2025-04-26,C0155,Книги,Москва,Онлайн,2,1488.18
2025-04-27,C0125,Спорт,Санкт-Петербург,Магазин,4,26929.84
2025-04-27,C0113,Спорт,Екатеринбург,Онлайн,4,22621.1
2025-04-27,C0003,Спорт,Новосибирск,Магазин,4,23129.67
2025-04-27,C0137,Одежда,Москва,Онлайн,1,3720.75
2025-04-27,C0241,Книги,Екатеринбург,Онлайн,3,2268.62
2025-04-27,C0163,Одежда,Москва,Магазин,2,6020.27
2025-04-27,C0205,Электроника,Санкт-Петербург,Онлайн,5,139775.49
2025-04-28,C0238,Книги,Москва,Онлайн,1,836.92
2025-04-28,C0056,Электроника,Санкт-Петербург,Магазин,1,25211.27
2025-04-28,C0101,Спорт,Москва,Онлайн,5,28383.37
2025-04-28,C0198,Спорт,Казань,Онлайн,4,28364.25
2025-04-28,C0021,Одежда,Москва,Онлайн,3,14746.77
2025-04-28,C0040,Спорт,Санкт-Петербург,Онлайн,1,5659.2
2025-04-28,C0175,Спорт,Санкт-Петербург,Онлайн,2,15038.79
2025-04-29,C0164,Спорт,Москва,Магазин,3,16640.61
2025-04-29,C0216,Одежда,Москва,Магазин,2,10776.79
2025-04-29,C0033,Одежда,Москва,Магазин,2,8827.71
2025-04-29,C0204,Продукты,Казань,Магазин,1,1015.77
2025-04-29,C0259,Спорт,Москва,Онлайн,4,30469.01
2025-04-29,C0241,Книги,Москва,Онлайн,3,2012.23
2025-04-29,C0073,Одежда,Москва,Магазин,4,15571.41
2025-04-29,C0067,Продукты,Екатеринбург,Онлайн,1,1053.17
2025-04-29,C0247,Книги,Казань,Онлайн,5,3941.5
2025-04-29,C0232,Электроника,Москва,Онлайн,4,124030.74
2025-04-30,C0154,Продукты,Казань,Онлайн,3,3368.33
2025-04-30,C0223,Книги,Казань,Магазин,2,1694.54
2025-04-30,C0255,Электроника,Казань,Онлайн,2,53131.96
2025-04-30,C0274,Одежда,Москва,Магазин,3,12666.16
2025-04-30,C0210,Продукты,Санкт-Петербург,Онлайн,3,2684.16
2025-04-30,C0084,Книги,Санкт-Петербург,Магазин,3,1999.75
2025-04-30,C0161,Продукты,Москва,Онлайн,4,3876.5
2025-04-30,C0147,Книги,Екатеринбург,Онлайн,4,2218.83
2025-04-30,C0147,Книги,Санкт-Петербург,Онлайн,4,
2025-05-01,C0084,Книги,Москва,Магазин,1,792.79
2025-05-01,C0280,Одежда,Санкт-Петербург,Онлайн,4,21335.55
2025-05-01,C0109,Спорт,Москва,Магазин,1,
2025-05-01,C0184,Продукты,Санкт-Петербург,Онлайн,3,3645.67
2025-05-01,C0170,Спорт,Москва,Магазин,2,13869.91
2025-05-02,C0255,Продукты,Екатеринбург,Онлайн,2,1429.1
2025-05-02,C0224,Книги,Новосибирск,Магазин,5,3803.06
2025-05-02,C0030,Электроника,Новосибирск,Магазин,3,98006.86
2025-05-02,C0212,Электроника,Санкт-Петербург,Магазин,1,41123.16
2025-05-03,C0100,Книги,Москва,Онлайн,3,1753.42
2025-05-03,C0161,Книги,Москва,Онлайн,4,3787.03
2025-05-03,C0128,Одежда,Москва,Онлайн,2,9201.69
2025-05-03,C0008,Электроника,Санкт-Петербург,Магазин,5,125343.75
2025-05-03,C0127,Спорт,Санкт-Петербург,Онлайн,5,35763.19
2025-05-03,C0243,Продукты,Москва,Магазин,5,3500.23
2025-05-03,C0265,Электроника,Новосибирск,Онлайн,4,137838.25
2025-05-03,C0090,Спорт,Москва,Онлайн,5,39878.9
2025-05-04,C0114,Книги,Санкт-Петербург,Магазин,1,580.0
2025-05-04,C0057,Спорт,Казань,Магазин,5,29502.39
2025-05-04,C0257,Спорт,Москва,Онлайн,3,21726.76
2025-05-04,C0133,Электроника,Москва,Онлайн,2,58070.0
2025-05-04,C0186,Одежда,Санкт-Петербург,Онлайн,5,20637.61
2025-05-04,C0031,Электроника,Новосибирск,Онлайн,3,108946.97
2025-05-04,C0209,Книги,Санкт-Петербург,Магазин,4,2555.06
2025-05-05,C0297,Электроника,Санкт-Петербург,Онлайн,5,167945.59
2025-05-05,C0204,Электроника,Санкт-Петербург,Онлайн,2,71614.52
2025-05-05,C0007,Одежда,Москва,Онлайн,1,4195.0
2025-05-05,C0052,Спорт,Санкт-Петербург,Магазин,2,11237.05
2025-05-05,C0114,Книги,Москва,Онлайн,4,2844.68
2025-05-05,C0175,Книги,Санкт-Петербург,Онлайн,5,3713.73
2025-05-06,C0157,Электроника,Москва,Онлайн,5,198048.05
2025-05-06,C0013,Одежда,Москва,Онлайн,1,4072.87
2025-05-06,C0230,Электроника,Новосибирск,Онлайн,5,143891.06
2025-05-06,C0000,Электроника,Казань,Магазин,1,26681.74
2025-05-06,C0235,Электроника,Санкт-Петербург,Магазин,2,64288.87
2025-05-06,C0083,Электроника,Казань,Онлайн,4,130129.28
2025-05-07,C0281,Электроника,Санкт-Петербург,Онлайн,1,40232.54
2025-05-07,C0196,Одежда,Москва,Онлайн,3,12770.75
2025-05-07,C0093,Книги,Санкт-Петербург,Онлайн,4,3093.07
2025-05-07,C0259,Электроника,Санкт-Петербург,Онлайн,2,43785.8
2025-05-07,C0116,Одежда,Москва,Магазин,1,
2025-05-07,C0260,Продукты,Казань,Магазин,4,
2025-05-08,C0196,Одежда,Москва,Онлайн,1,4782.57
2025-05-08,C0075,Книги,Санкт-Петербург,Онлайн,4,3024.94
2025-05-08,C0009,Книги,Москва,Магазин,5,4005.15
2025-05-08,C0149,Продукты,Москва,Онлайн,3,2827.38
2025-05-08,C0075,Электроника,Екатеринбург,Онлайн,2,65652.49
2025-05-08,C0183,Одежда,Москва,Онлайн,2,9447.86
2025-05-08,C0251,Электроника,Екатеринбург,Онлайн,1,29014.32
2025-05-08,C0064,Одежда,Екатеринбург,Онлайн,2,
2025-05-08,C0061,Спорт,Екатеринбург,Магазин,4,27737.33
2025-05-08,C0185,Электроника,Казань,Онлайн,5,137723.79
2025-05-08,C0282,Книги,Новосибирск,Магазин,2,1782.35
2025-05-09,C0251,Электроника,Казань,Онлайн,2,
2025-05-09,C0135,Одежда,Москва,Магазин,2,8178.09
2025-05-09,C0106,Книги,Москва,Онлайн,3,2023.79
2025-05-09,C0154,Продукты,Москва,Магазин,1,1027.94
2025-05-09,C0227,Спорт,Санкт-Петербург,Онлайн,3,19307.02
2025-05-09,C0226,Электроника,Казань,Магазин,1,30852.26
2025-05-09,C0057,Одежда,Санкт-Петербург,Онлайн,1,4206.01
2025-05-09,C0198,Продукты,Москва,Онлайн,4,4437.6
2025-05-09,C0153,Спорт,Москва,Онлайн,3,19487.85
2025-05-09,C0107,Книги,Москва,Магазин,2,1632.35
2025-05-09,C0290,Продукты,Новосибирск,Магазин,2,1752.38
2025-05-10,C0239,Одежда,Екатеринбург,Магазин,4,16622.7
2025-05-10,C0056,Книги,Новосибирск,Онлайн,3,2444.46
2025-05-10,C0176,Одежда,Москва,Магазин,5,26198.8
2025-05-10,C0117,Продукты,Санкт-Петербург,Онлайн,5,4948.71
2025-05-10,C0204,Электроника,Санкт-Петербург,Магазин,3,111308.76
2025-05-10,C0123,Электроника,Санкт-Петербург,Онлайн,5,135355.96
2025-05-10,C0155,Книги,Москва,Онлайн,5,2841.45
2025-05-10,C0049,Электроника,Москва,Онлайн,3,92076.44
2025-05-10,C0265,Одежда,Москва,Онлайн,3,13828.83
2025-05-10,C0267,Спорт,Казань,Онлайн,3,18447.61
2025-05-10,C0289,Продукты,Москва,Онлайн,2,1888.39
2025-05-10,C0015,Книги,Санкт-Петербург,Онлайн,4,2697.4
2025-05-11,C0271,Книги,Санкт-Петербург,Магазин,2,1418.97
2025-05-11,C0048,Электроника,Екатеринбург,Магазин,4,144174.73
2025-05-11,C0086,Спорт,Москва,Онлайн,3,20603.75
2025-05-11,C0269,Книги,Екатеринбург,Онлайн,1,638.95
2025-05-11,C0238,Электроника,Москва,Онлайн,4,101564.09
2025-05-12,C0082,Спорт,Санкт-Петербург,Онлайн,3,19755.6
2025-05-12,C0026,Продукты,Екатеринбург,Магазин,5,5620.5
2025-05-12,C0043,Продукты,Москва,Онлайн,2,1723.55
2025-05-12,C0153,Продукты,Санкт-Петербург,Магазин,2,1476.52
2025-05-12,C0168,Спорт,Санкт-Петербург,Магазин,5,33503.53
2025-05-12,C0021,Продукты,Москва,Магазин,4,3937.31
2025-05-12,C0121,Одежда,Санкт-Петербург,Онлайн,4,16446.3
2025-05-12,C0261,Одежда,Санкт-Петербург,Онлайн,5,27889.25
2025-05-12,C0058,Одежда,Москва,Онлайн,5,26252.57
2025-05-12,C0233,Одежда,Санкт-Петербург,Онлайн,4,20936.3
2025-05-12,C0007,Книги,Екатеринбург,Магазин,2,1369.25
2025-05-12,C0021,Книги,Санкт-Петербург,Онлайн,1,813.86
2025-05-13,C0226,Одежда,Москва,Магазин,4,20672.03
2025-05-13,C0171,Спорт,Казань,Магазин,4,25431.81
2025-05-13,C0175,Продукты,Казань,Магазин,1,849.09
2025-05-13,C0007,Спорт,Санкт-Петербург,Онлайн,3,16289.48
2025-05-13,C0268,Электроника,Москва,Онлайн,4,104956.82
2025-05-13,C0067,Электроника,Санкт-Петербург,Онлайн,5,130934.95
2025-05-13,C0252,Одежда,Санкт-Петербург,Онлайн,3,12880.47
2025-05-13,C0261,Спорт,Москва,Магазин,4,25957.65
2025-05-13,C0275,Одежда,Новосибирск,Магазин,2,6750.71
2025-05-13,C0067,Одежда,Казань,Онлайн,2,10056.7
2025-05-14,C0173,Электроника,Санкт-Петербург,Магазин,4,137340.59
2025-05-14,C0229,Одежда,Новосибирск,Онлайн,3,8369.07
2025-05-14,C0245,Электроника,Москва,Магазин,4,107264.35
2025-05-14,C0223,Электроника,Санкт-Петербург,Онлайн,5,125466.87
2025-05-14,C0272,Книги,Москва,Онлайн,3,2445.92
2025-05-14,C0082,Электроника,Екатеринбург,Онлайн,3,69426.51
2025-05-14,C0266,Спорт,Новосибирск,Онлайн,2,16925.83
2025-05-14,C0191,Одежда,Москва,Онлайн,3,11568.65
2025-05-14,C0260,Электроника,Москва,Онлайн,2,56306.38
2025-05-14,C0164,Электроника,Екатеринбург,Магазин,5,153606.5
2025-05-14,C0032,Одежда,Москва,Онлайн,5,25134.53
2025-05-15,C0200,Электроника,Москва,Онлайн,2,64136.95
2025-05-15,C0046,Спорт,Москва,Онлайн,5,36736.08
2025-05-15,C0169,Одежда,Новосибирск,Магазин,3,12867.33
2025-05-16,C0091,Книги,Казань,Онлайн,4,2868.72
2025-05-16,C0084,Продукты,Казань,Онлайн,1,1221.02
2025-05-16,C0297,Спорт,Санкт-Петербург,Магазин,4,27110.63
2025-05-16,C0169,Электроника,Новосибирск,Магазин,4,117632.89
2025-05-16,C0148,Книги,Москва,Магазин,2,873.72
2025-05-16,C0105,Электроника,Москва,Онлайн,4,121248.28
2025-05-17,C0085,Продукты,Москва,Онлайн,2,
2025-05-17,C0252,Одежда,Москва,Магазин,4,15495.27
2025-05-17,C0148,Электроника,Казань,Онлайн,1,30006.77
2025-05-17,C0161,Продукты,Екатеринбург,Онлайн,3,2849.07
2025-05-17,C0200,Одежда,Москва,Магазин,5,25352.93
2025-05-18,C0065,Продукты,Санкт-Петербург,Магазин,3,
2025-05-18,C0271,Продукты,Санкт-Петербург,Онлайн,3,
2025-05-18,C0166,Книги,Москва,Магазин,1,717.96
2025-05-18,C0106,Книги,Санкт-Петербург,Онлайн,3,1935.11
2025-05-18,C0109,Электроника,Санкт-Петербург,Магазин,5,154354.25
2025-05-18,C0232,Одежда,Новосибирск,Онлайн,2,8696.57
2025-05-18,C0048,Электроника,Екатеринбург,Онлайн,3,106034.56
2025-05-18,C0110,Электроника,Екатеринбург,Магазин,1,32127.84
2025-05-19,C0235,Книги,Екатеринбург,Магазин,2,1497.46
2025-05-19,C0232,Продукты,Казань,Онлайн,5,4670.92
2025-05-19,C0139,Продукты,Москва,Онлайн,1,1143.84
2025-05-19,C0113,Спорт,Санкт-Петербург,Онлайн,1,6200.33
2025-05-19,C0275,Спорт,Москва,Онлайн,1,6841.6
2025-05-19,C0167,Одежда,Санкт-Петербург,Магазин,2,10448.98
2025-05-19,C0027,Одежда,Санкт-Петербург,Магазин,2,8151.91
2025-05-19,C0189,Продукты,Казань,Магазин,1,927.4
2025-05-20,C0294,Спорт,Казань,Магазин,3,18786.63
2025-05-20,C0251,Спорт,Москва,Онлайн,2,8017.26
2025-05-20,C0185,Продукты,Москва,Онлайн,5,5082.9
2025-05-20,C0027,Спорт,Москва,Магазин,4,21789.38
2025-05-20,C0182,Одежда,Санкт-Петербург,Магазин,5,22386.43
2025-05-20,C0249,Спорт,Москва,Онлайн,3,15771.03
2025-05-20,C0169,Электроника,Санкт-Петербург,Магазин,1,37324.57
2025-05-20,C0104,Книги,Санкт-Петербург,Онлайн,5,3748.49
2025-05-20,C0061,Продукты,Москва,Онлайн,5,7046.49
2025-05-21,C0116,Продукты,Москва,Онлайн,5,5733.14
2025-05-21,C0154,Электроника,Москва,Онлайн,1,24172.51
2025-05-21,C0032,Одежда,Новосибирск,Онлайн,1,4104.93
2025-05-21,C0288,Спорт,Москва,Магазин,1,5385.9
2025-05-21,C0205,Спорт,Санкт-Петербург,Онлайн,2,13848.15
2025-05-21,C0287,Книги,Москва,Магазин,1,648.21
2025-05-21,C0058,Книги,Санкт-Петербург,Онлайн,4,2485.14
2025-05-21,C0169,Одежда,Екатеринбург,Онлайн,5,22977.27
2025-05-21,C0184,Продукты,Москва,Онлайн,4,3026.61
2025-05-22,C0147,Спорт,Новосибирск,Магазин,5,27575.48
2025-05-22,C0038,Книги,Москва,Магазин,3,2344.56
2025-05-22,C0237,Электроника,Санкт-Петербург,Онлайн,3,74694.82
2025-05-22,C0096,Продукты,Казань,Онлайн,1,1105.01
2025-05-22,C0232,Спорт,Москва,Магазин,4,19274.86
2025-05-22,C0229,Электроника,Москва,Онлайн,4,108892.68
2025-05-22,C0091,Спорт,Москва,Онлайн,4,33194.46
2025-05-22,C0282,Спорт,Москва,Онлайн,1,5218.99
2025-05-22,C0241,Продукты,Москва,Магазин,5,3927.1
2025-05-23,C0278,Спорт,Москва,Онлайн,5,31650.26
2025-05-23,C0097,Продукты,Москва,Онлайн,4,2523.99
2025-05-23,C0254,Одежда,Москва,Магазин,5,21601.74
2025-05-23,C0087,Книги,Екатеринбург,Магазин,4,2634.12
2025-05-23,C0279,Электроника,Казань,Магазин,4,136483.43
2025-05-23,C0209,Одежда,Москва,Онлайн,1,4778.89
2025-05-23,C0033,Электроника,Казань,Онлайн,3,111959.12
2025-05-23,C0238,Спорт,Санкт-Петербург,Онлайн,4,24193.39
2025-05-23,C0185,Продукты,Москва,Магазин,5,3832.42
2025-05-23,C0175,Спорт,Москва,Онлайн,4,29012.9
2025-05-24,C0097,Спорт,Москва,Онлайн,3,24412.72
2025-05-24,C0293,Книги,Новосибирск,Онлайн,4,3026.83
2025-05-24,C0262,Спорт,Москва,Онлайн,3,15933.84
2025-05-24,C0184,Электроника,Москва,Онлайн,2,64432.02
2025-05-24,C0121,Спорт,Москва,Онлайн,2,10227.28
2025-05-24,C0192,Книги,Санкт-Петербург,Онлайн,5,2809.13
2025-05-25,C0073,Электроника,Екатеринбург,Онлайн,4,122810.46
2025-05-25,C0240,Электроника,Казань,Магазин,5,200394.02
2025-05-25,C0072,Одежда,Москва,Магазин,3,12658.05
2025-05-25,C0165,Электроника,Новосибирск,Онлайн,5,157609.7
2025-05-25,C0143,Электроника,Москва,Магазин,5,155312.55
2025-05-25,C0265,Спорт,Казань,Онлайн,2,13260.82
2025-05-25,C0162,Книги,Санкт-Петербург,Онлайн,1,582.24
2025-05-25,C0075,Спорт,Новосибирск,Онлайн,2,13662.2
2025-05-26,C0236,Электроника,Екатеринбург,Онлайн,5,148192.7
2025-05-26,C0085,Продукты,Москва,Онлайн,5,4494.34
2025-05-26,C0082,Продукты,Москва,Онлайн,1,1158.24
2025-05-26,C0001,Электроника,Москва,Онлайн,1,26689.48
2025-05-26,C0288,Продукты,Москва,Магазин,4,2520.95
2025-05-26,C0000,Одежда,Екатеринбург,Онлайн,1,4684.15
2025-05-26,C0291,Одежда,Казань,Онлайн,4,13052.92
2025-05-27,C0221,Книги,Санкт-Петербург,Магазин,5,3901.35
2025-05-27,C0085,Продукты,Новосибирск,Магазин,5,5675.56
2025-05-27,C0118,Электроника,Москва,Магазин,3,105156.68
2025-05-27,C0247,Электроника,Москва,Онлайн,4,111371.34
2025-05-27,C0191,Книги,Москва,Магазин,2,1567.77
2025-05-27,C0287,Электроника,Санкт-Петербург,Онлайн,3,83446.84
2025-05-27,C0053,Продукты,Санкт-Петербург,Магазин,5,4425.64
2025-05-28,C0075,Одежда,Казань,Магазин,2,8711.65
2025-05-28,C0050,Спорт,Екатеринбург,Магазин,1,5773.89
2025-05-28,C0070,Спорт,Санкт-Петербург,Магазин,3,19033.58
2025-05-28,C0052,Продукты,Москва,Онлайн,5,5217.74
2025-05-28,C0218,Продукты,Казань,Магазин,5,4551.52
2025-05-28,C0170,Книги,Санкт-Петербург,Онлайн,5,4151.09
2025-05-28,C0125,Книги,Санкт-Петербург,Онлайн,3,2185.84
2025-05-28,C0246,Продукты,Москва,Онлайн,3,3005.82
2025-05-28,C0070,Продукты,Санкт-Петербург,Онлайн,1,730.85
2025-05-29,C0229,Книги,Москва,Онлайн,2,1307.57
2025-05-29,C0237,Спорт,Санкт-Петербург,Магазин,3,17691.15
2025-05-29,C0261,Спорт,Москва,Магазин,5,24981.0
2025-05-29,C0153,Продукты,Москва,Магазин,4,2640.61
2025-05-30,C0179,Книги,Москва,Магазин,2,1298.87
2025-05-30,C0127,Одежда,Казань,Онлайн,2,8527.15
2025-05-30,C0019,Спорт,Санкт-Петербург,Онлайн,4,21989.45
2025-05-30,C0251,Книги,Санкт-Петербург,Магазин,1,660.58
2025-05-30,C0105,Электроника,Екатеринбург,Онлайн,5,161264.79
2025-05-30,C0157,Спорт,Санкт-Петербург,Онлайн,5,36472.26
2025-05-31,C0192,Спорт,Санкт-Петербург,Магазин,3,14464.99
2025-05-31,C0190,Книги,Новосибирск,Онлайн,4,3526.76
2025-05-31,C0293,Спорт,Санкт-Петербург,Онлайн,2,14547.42
2025-06-01,C0040,Продукты,Москва,Онлайн,3,2815.35
2025-06-01,C0250,Спорт,Санкт-Петербург,Магазин,1,5397.83
2025-06-01,C0269,Электроника,Новосибирск,Онлайн,1,28943.22
2025-06-01,C0014,Продукты,Санкт-Петербург,Онлайн,4,3434.88
2025-06-01,C0088,Одежда,Москва,Онлайн,4,13483.52
2025-06-01,C0001,Одежда,Москва,Магазин,5,17959.77
2025-06-01,C0203,Книги,Москва,Онлайн,2,1254.16
2025-06-01,C0219,Электроника,Казань,Магазин,1,27990.57
2025-06-02,C0225,Спорт,Новосибирск,Онлайн,4,
2025-06-02,C0283,Одежда,Москва,Магазин,3,9537.67
2025-06-02,C0010,Электроника,Москва,Магазин,3,89515.72
2025-06-02,C0081,Одежда,Санкт-Петербург,Онлайн,1,3975.07
2025-06-02,C0157,Книги,Санкт-Петербург,Магазин,5,3008.75
2025-06-02,C0299,Одежда,Москва,Онлайн,3,
2025-06-02,C0223,Продукты,Москва,Онлайн,1,1078.08
2025-06-02,C0209,Продукты,Москва,Онлайн,5,3301.72
2025-06-03,C0255,Продукты,Москва,Магазин,4,3163.01
2025-06-03,C0277,Одежда,Санкт-Петербург,Онлайн,4,19861.9
2025-06-03,C0067,Книги,Москва,Онлайн,2,1274.68
2025-06-03,C0228,Продукты,Москва,Онлайн,2,1560.51
2025-06-03,C0239,Книги,Новосибирск,Онлайн,3,2392.22
2025-06-03,C0036,Одежда,Казань,Магазин,2,7948.66
2025-06-03,C0210,Продукты,Москва,Магазин,2,2307.65
2025-06-03,C0051,Продукты,Москва,Магазин,2,2322.31
2025-06-03,C0008,Одежда,Москва,Онлайн,1,4182.85
2025-06-03,C0214,Спорт,Екатеринбург,Магазин,1,5952.07
2025-06-03,C0136,Одежда,Москва,Онлайн,3,12666.06
2025-06-03,C0226,Продукты,Казань,Онлайн,3,2247.87
2025-06-04,C0221,Книги,Москва,Онлайн,2,1385.11
2025-06-04,C0138,Электроника,Москва,Онлайн,5,143432.88
2025-06-04,C0214,Книги,Москва,Онлайн,5,3236.59
2025-06-04,C0105,Книги,Москва,Онлайн,1,720.16
2025-06-04,C0238,Книги,Санкт-Петербург,Онлайн,2,1376.61
2025-06-04,C0004,Продукты,Москва,Онлайн,5,4659.05
2025-06-04,C0092,Продукты,Санкт-Петербург,Онлайн,3,1826.76
2025-06-04,C0080,Продукты,Москва,Онлайн,5,4093.97
2025-06-04,C0057,Электроника,Санкт-Петербург,Онлайн,1,30139.47
2025-06-05,C0044,Одежда,Москва,Онлайн,4,14558.0
2025-06-05,C0070,Одежда,Новосибирск,Магазин,2,7550.42
2025-06-05,C0231,Одежда,Москва,Магазин,2,7189.31
2025-06-05,C0061,Одежда,Екатеринбург,Онлайн,3,13422.08
2025-06-05,C0212,Одежда,Москва,Онлайн,1,5223.31
2025-06-05,C0113,Продукты,Москва,Онлайн,4,2753.43
2025-06-05,C0092,Спорт,Москва,Онлайн,4,17270.06
2025-06-05,C0045,Электроника,Санкт-Петербург,Онлайн,5,195191.2
2025-06-05,C0297,Спорт,Москва,Магазин,2,10447.65
2025-06-05,C0085,Книги,Екатеринбург,Магазин,4,2516.56
2025-06-06,C0158,Одежда,Москва,Онлайн,2,9234.77
2025-06-06,C0016,Продукты,Новосибирск,Онлайн,2,1600.95
2025-06-06,C0031,Одежда,Новосибирск,Онлайн,1,3965.93
2025-06-06,C0100,Одежда,Санкт-Петербург,Онлайн,1,4455.18
2025-06-06,C0210,Электроника,Екатеринбург,Онлайн,3,74205.41
2025-06-07,C0093,Электроника,Москва,Магазин,3,81221.14
2025-06-07,C0217,Спорт,Москва,Онлайн,2,13771.01
2025-06-07,C0051,Спорт,Москва,Магазин,3,15303.32
2025-06-07,C0149,Продукты,Екатеринбург,Магазин,5,5587.47
2025-06-07,C0299,Спорт,Санкт-Петербург,Магазин,2,12830.03
2025-06-07,C0238,Спорт,Санкт-Петербург,Онлайн,4,24131.21
2025-06-08,C0185,Электроника,Москва,Магазин,3,100048.3
2025-06-08,C0142,Электроника,Москва,Онлайн,4,115549.72
2025-06-08,C0225,Электроника,Новосибирск,Онлайн,5,153352.53
2025-06-08,C0027,Одежда,Москва,Магазин,3,13694.43
2025-06-08,C0250,Продукты,Москва,Магазин,1,836.31
2025-06-08,C0174,Одежда,Москва,Магазин,5,14501.69
2025-06-08,C0109,Спорт,Москва,Онлайн,5,28424.42
2025-06-08,C0263,Одежда,Москва,Магазин,3,13245.37
2025-06-08,C0246,Продукты,Санкт-Петербург,Онлайн,1,1006.22
2025-06-08,C0087,Спорт,Новосибирск,Магазин,5,23840.39
2025-06-09,C0172,Электроника,Москва,Магазин,2,37887.15
2025-06-09,C0062,Электроника,Санкт-Петербург,Магазин,4,109337.86
2025-06-09,C0187,Спорт,Санкт-Петербург,Магазин,4,25541.63
2025-06-09,C0185,Одежда,Москва,Онлайн,5,19338.04
2025-06-09,C0129,Спорт,Москва,Онлайн,1,5373.63
2025-06-09,C0249,Книги,Москва,Магазин,5,3175.54
2025-06-09,C0254,Спорт,Новосибирск,Магазин,2,14856.81
2025-06-09,C0191,Одежда,Санкт-Петербург,Магазин,4,13349.08
2025-06-09,C0087,Спорт,Москва,Онлайн,1,5508.59
2025-06-09,C0148,Одежда,Москва,Магазин,3,14097.74
2025-06-09,C0069,Электроника,Новосибирск,Магазин,3,81055.48
2025-06-10,C0029,Книги,Москва,Магазин,1,545.85
2025-06-10,C0019,Одежда,Новосибирск,Онлайн,4,14176.71
2025-06-10,C0265,Продукты,Москва,Онлайн,2,1904.37
2025-06-10,C0250,Спорт,Новосибирск,Магазин,5,24999.23
2025-06-10,C0293,Книги,Санкт-Петербург,Онлайн,5,3235.79
2025-06-10,C0225,Спорт,Новосибирск,Онлайн,2,11197.3
2025-06-10,C0160,Электроника,Санкт-Петербург,Магазин,5,133562.02
2025-06-10,C0223,Спорт,Новосибирск,Магазин,3,16037.58
2025-06-10,C0269,Спорт,Москва,Онлайн,4,22583.94
2025-06-10,C0279,Одежда,Новосибирск,Онлайн,3,9976.4
2025-06-11,C0262,Спорт,Москва,Онлайн,1,4700.07
2025-06-11,C0051,Продукты,Санкт-Петербург,Онлайн,5,4992.14
2025-06-11,C0050,Продукты,Казань,Онлайн,4,2526.39
2025-06-11,C0089,Электроника,Москва,Онлайн,3,88800.71
2025-06-11,C0061,Электроника,Екатеринбург,Онлайн,1,33671.03
2025-06-11,C0057,Электроника,Москва,Онлайн,5,129893.8
2025-06-11,C0169,Электроника,Новосибирск,Магазин,5,105800.25
2025-06-12,C0078,Электроника,Москва,Онлайн,5,148799.43
2025-06-12,C0248,Одежда,Казань,Онлайн,5,17866.68
2025-06-12,C0264,Спорт,Москва,Онлайн,4,24705.72
2025-06-12,C0267,Книги,Новосибирск,Онлайн,2,1548.39
2025-06-12,C0285,Спорт,Новосибирск,Магазин,4,21686.5
2025-06-12,C0205,Одежда,Москва,Онлайн,5,19760.86
2025-06-12,C0214,Одежда,Новосибирск,Онлайн,2,9121.46
2025-06-12,C0034,Спорт,Новосибирск,Онлайн,2,10309.89
2025-06-13,C0012,Одежда,Новосибирск,Магазин,4,15706.75
2025-06-13,C0292,Одежда,Екатеринбург,Онлайн,5,21248.41
2025-06-13,C0195,Электроника,Санкт-Петербург,Магазин,1,22686.91
2025-06-13,C0101,Одежда,Казань,Онлайн,2,7697.39
2025-06-13,C0019,Спорт,Новосибирск,Онлайн,2,11789.61
2025-06-13,C0186,Одежда,Москва,Магазин,5,20519.65
2025-06-14,C0069,Электроника,Санкт-Петербург,Онлайн,2,34895.32
2025-06-14,C0235,Продукты,Москва,Онлайн,5,4426.04
2025-06-14,C0215,Электроника,Казань,Онлайн,4,133546.63
2025-06-14,C0188,Продукты,Москва,Онлайн,5,4615.61
2025-06-14,C0245,Спорт,Москва,Онлайн,2,12159.96
2025-06-15,C0117,Электроника,Екатеринбург,Онлайн,3,87962.61
2025-06-15,C0149,Электроника,Москва,Магазин,4,100006.07
2025-06-15,C0290,Спорт,Москва,Магазин,5,26685.72
2025-06-15,C0212,Книги,Москва,Онлайн,4,2541.57
2025-06-16,C0104,Одежда,Санкт-Петербург,Магазин,4,13529.7
2025-06-16,C0287,Книги,Санкт-Петербург,Магазин,3,1929.27
2025-06-16,C0200,Книги,Екатеринбург,Магазин,1,716.71
2025-06-16,C0133,Книги,Санкт-Петербург,Онлайн,2,1149.5
2025-06-16,C0077,Спорт,Новосибирск,Онлайн,3,12350.98
2025-06-17,C0010,Электроника,Москва,Онлайн,2,55600.67
2025-06-17,C0293,Электроника,Санкт-Петербург,Онлайн,2,54402.2
2025-06-17,C0220,Спорт,Москва,Онлайн,2,10090.82
2025-06-17,C0031,Электроника,Санкт-Петербург,Онлайн,4,122073.86
2025-06-17,C0171,Электроника,Казань,Онлайн,3,95781.65
2025-06-17,C0058,Одежда,Москва,Онлайн,1,3838.94
2025-06-17,C0130,Книги,Санкт-Петербург,Онлайн,4,1557.69
2025-06-17,C0231,Книги,Казань,Магазин,2,1177.34
2025-06-17,C0202,Книги,Москва,Магазин,2,728.83
2025-06-17,C0277,Спорт,Москва,Магазин,3,16464.68
2025-06-18,C0147,Спорт,Новосибирск,Магазин,2,10198.47
2025-06-18,C0058,Электроника,Санкт-Петербург,Магазин,2,53384.07
2025-06-18,C0065,Электроника,Санкт-Петербург,Магазин,5,140683.86
2025-06-18,C0116,Спорт,Санкт-Петербург,Онлайн,5,23707.95
2025-06-18,C0165,Продукты,Москва,Онлайн,5,4522.96
2025-06-18,C0006,Продукты,Санкт-Петербург,Онлайн,5,4249.33
2025-06-19,C0298,Продукты,Санкт-Петербург,Онлайн,5,4486.44
2025-06-19,C0128,Книги,Санкт-Петербург,Онлайн,4,2134.77
2025-06-19,C0075,Одежда,Новосибирск,Онлайн,4,14630.82
2025-06-19,C0180,Спорт,Санкт-Петербург,Магазин,3,14587.41
2025-06-19,C0193,Продукты,Екатеринбург,Онлайн,3,3065.65
2025-06-19,C0146,Продукты,Санкт-Петербург,Онлайн,4,3864.65
2025-06-19,C0240,Продукты,Санкт-Петербург,Магазин,5,5075.88
2025-06-19,C0257,Одежда,Москва,Онлайн,4,15798.61
2025-06-19,C0278,Электроника,Новосибирск,Онлайн,4,107199.53
2025-06-19,C0139,Книги,Москва,Магазин,4,2598.9
2025-06-19,C0101,Электроника,Новосибирск,Онлайн,5,159688.93
2025-06-20,C0190,Электроника,Санкт-Петербург,Онлайн,2,53683.62
2025-06-20,C0163,Книги,Санкт-Петербург,Онлайн,4,1839.21
2025-06-20,C0085,Спорт,Новосибирск,Онлайн,5,35830.62
2025-06-20,C0015,Книги,Москва,Онлайн,4,2814.47
2025-06-20,C0253,Продукты,Москва,Онлайн,4,3375.77
2025-06-20,C0214,Продукты,Москва,Магазин,1,961.34
2025-06-20,C0006,Одежда,Казань,Онлайн,4,14411.53
2025-06-21,C0232,Электроника,Москва,Онлайн,3,81194.54
2025-06-21,C0105,Книги,Санкт-Петербург,Онлайн,3,1992.41
2025-06-21,C0096,Продукты,Москва,Магазин,2,1147.98
2025-06-21,C0267,Книги,Екатеринбург,Магазин,1,779.72
2025-06-21,C0097,Книги,Казань,Онлайн,3,2047.0
2025-06-21,C0001,Продукты,Санкт-Петербург,Магазин,4,3102.13
2025-06-22,C0052,Спорт,Санкт-Петербург,Магазин,1,5323.58
2025-06-22,C0086,Продукты,Новосибирск,Магазин,1,566.7
2025-06-22,C0063,Электроника,Екатеринбург,Онлайн,1,23836.82
2025-06-22,C0033,Одежда,Москва,Магазин,2,6898.53
2025-06-22,C0130,Продукты,Екатеринбург,Онлайн,2,1966.65
2025-06-23,C0064,Продукты,Москва,Онлайн,3,2101.14
2025-06-23,C0152,Продукты,Санкт-Петербург,Магазин,5,4306.89
2025-06-23,C0226,Продукты,Санкт-Петербург,Онлайн,4,3627.22
2025-06-23,C0185,Спорт,Москва,Магазин,2,10540.0
2025-06-23,C0248,Продукты,Санкт-Петербург,Онлайн,2,1675.42
2025-06-23,C0210,Продукты,Санкт-Петербург,Магазин,1,755.76
2025-06-23,C0251,Одежда,Москва,Магазин,4,14728.2
2025-06-24,C0083,Книги,Екатеринбург,Магазин,3,1968.24
2025-06-24,C0047,Продукты,Москва,Магазин,3,2580.42
2025-06-24,C0298,Одежда,Екатеринбург,Онлайн,2,8478.35
2025-06-24,C0020,Книги,Москва,Магазин,2,1618.57
2025-06-24,C0124,Продукты,Москва,Онлайн,3,2398.19
2025-06-24,C0084,Электроника,Санкт-Петербург,Онлайн,5,131973.74
2025-06-24,C0196,Электроника,Москва,Магазин,2,57526.93
2025-06-25,C0121,Книги,Москва,Онлайн,3,2032.8
2025-06-25,C0064,Одежда,Санкт-Петербург,Магазин,3,9490.83
2025-06-25,C0144,Электроника,Москва,Онлайн,3,83419.69
2025-06-25,C0290,Электроника,Москва,Магазин,3,91351.83
2025-06-25,C0277,Одежда,Новосибирск,Онлайн,3,9841.18
2025-06-25,C0180,Электроника,Санкт-Петербург,Онлайн,2,47330.72
2025-06-25,C0026,Книги,Санкт-Петербург,Онлайн,2,804.93
2025-06-25,C0019,Книги,Санкт-Петербург,Онлайн,3,1203.27
2025-06-25,C0082,Одежда,Москва,Магазин,4,12136.51
2025-06-25,C0167,Электроника,Москва,Магазин,3,59805.12
2025-06-26,C0005,Спорт,Санкт-Петербург,Онлайн,5,25859.09
2025-06-26,C0057,Книги,Новосибирск,Онлайн,2,955.02
2025-06-26,C0051,Одежда,Новосибирск,Онлайн,4,15423.12
2025-06-26,C0222,Спорт,Санкт-Петербург,Онлайн,5,18685.25
2025-06-26,C0032,Спорт,Екатеринбург,Магазин,4,15799.84
2025-06-26,C0275,Спорт,Санкт-Петербург,Онлайн,4,20599.85
2025-06-26,C0091,Одежда,Москва,Онлайн,5,17772.54
2025-06-26,C0201,Продукты,Москва,Онлайн,1,733.8
2025-06-27,C0217,Спорт,Москва,Онлайн,5,37777.85
2025-06-27,C0259,Электроника,Санкт-Петербург,Онлайн,4,118358.55
2025-06-27,C0123,Одежда,Москва,Магазин,5,17758.73
2025-06-27,C0097,Одежда,Москва,Онлайн,2,7332.74
2025-06-27,C0058,Книги,Санкт-Петербург,Онлайн,1,859.97
2025-06-27,C0010,Книги,Санкт-Петербург,Онлайн,3,1838.47
2025-06-27,C0066,Продукты,Москва,Магазин,4,2360.08
2025-06-27,C0008,Книги,Москва,Онлайн,1,389.13
2025-06-27,C0210,Одежда,Екатеринбург,Онлайн,3,10098.77
2025-06-27,C0196,Книги,Санкт-Петербург,Онлайн,5,2760.32
2025-06-28,C0243,Электроника,Екатеринбург,Магазин,2,60444.99
2025-06-28,C0138,Книги,Москва,Магазин,5,1931.38
2025-06-28,C0153,Одежда,Санкт-Петербург,Онлайн,5,15961.09
2025-06-28,C0017,Книги,Москва,Онлайн,2,1106.67
2025-06-28,C0281,Продукты,Москва,Онлайн,1,641.77
2025-06-28,C0035,Продукты,Москва,Магазин,5,4558.01
2025-06-28,C0105,Спорт,Санкт-Петербург,Онлайн,3,13307.09
2025-06-29,C0038,Продукты,Санкт-Петербург,Магазин,5,4074.43
2025-06-29,C0251,Спорт,Москва,Онлайн,5,21942.01
2025-06-29,C0031,Продукты,Москва,Магазин,5,3724.48
2025-06-29,C0032,Электроника,Екатеринбург,Онлайн,1,32011.28
2025-06-30,C0123,Электроника,Казань,Онлайн,2,54666.58
2025-06-30,C0248,Продукты,Новосибирск,Магазин,4,
2025-06-30,C0134,Книги,Москва,Онлайн,2,1328.44
2025-06-30,C0242,Книги,Москва,Онлайн,5,3175.89
2025-06-30,C0081,Электроника,Санкт-Петербург,Онлайн,2,41605.53
2025-06-30,C0046,Одежда,Новосибирск,Онлайн,4,17112.4
2025-06-30,C0164,Одежда,Москва,Онлайн,2,6221.34
2025-06-30,C0269,Продукты,Москва,Онлайн,5,3466.44
